# 7.3. Carga Masiva de Datos

Sample content for section 7.3.

  
--Tabla Empleados
INSERT INTO Empleado (id_empleado, cargo, first_last_name, second_last_name, fecha_nacimiento, id_persona, id_contrato_empleado) VALUES
('E001', 'Practicante', 'Perri', 'Wollrauch', '2019-10-05', 'P001', 'C001'),
('E002', 'Administrador', 'MacGlory', 'Embery', '2027-07-30', 'P002', 'C002'),
('E003', 'Analista', 'Titmus', 'Faircley', '2021-07-12', 'P003', 'C003'),
('E004', 'Gerente', 'Fiddy', 'Huckleby', '2023-05-03', 'P004', 'C004'),
('E005', 'Practicante', 'Mettericke', 'Sciacovelli', '2025-06-02', 'P005', 'C005'),
('E006', 'Practicante', 'Gergher', 'Greeves', '2021-11-04', 'P006', 'C006'),
('E007', 'Gerente', 'Pennycuick', 'Hullbrook', '2024-09-21', 'P007', 'C007'),
('E008', 'Administrador', 'Sarvar', 'Martschke', '2022-03-15', 'P008', 'C008'),
('E009', 'Administrador', 'Ysson', 'Charnock', '2026-06-21', 'P009', 'C009'),
('E010', 'Administrador', 'Lidgate', 'Bredgeland', '2022-05-28', 'P010', 'C010'),
('E011', 'Analista', 'Aslet', 'Pietersma', '2019-10-20', 'P011', 'C011'),
('E012', 'Administrador', 'Tunder', 'Mirams', '2020-11-30', 'P012', 'C012'),
('E013', 'Practicante', 'Ortiga', 'Summersett', '2021-03-12', 'P013', 'C013'),
('E014', 'Administrador', 'Bohan', 'Betjeman', '2025-08-19', 'P014', 'C014'),
('E015', 'Gerente', 'Dudderidge', 'Thurborn', '2025-10-20', 'P015', 'C015'),
('E016', 'Analista', 'Elcomb', 'Comerford', '2026-01-30', 'P016', 'C016'),
('E017', 'Analista', 'Pfeffle', 'Neaverson', '2025-05-11', 'P017', 'C017'),
('E018', 'Administrador', 'Skittreal', 'Bortol', '2026-03-03', 'P018', 'C018'),
('E019', 'Gerente', 'Minifie', 'Alderman', '2024-01-30', 'P019', 'C019'),
('E020', 'Practicante', 'Kibblewhite', 'Cubbino', '2025-01-30', 'P020', 'C020'),
('E021', 'Analista', 'Turle', 'Tanton', '2021-05-29', 'P021', 'C021'),
('E022', 'Analista', 'Souness', 'Goldhawk', '2027-03-02', 'P022', 'C022'),
('E023', 'Analista', 'Goghin', 'Petchell', '2023-03-11', 'P023', 'C023'),
('E024', 'Practicante', 'Wooff', 'Belton', '2021-10-23', 'P024', 'C024'),
('E025', 'Analista', 'De Angelo', 'Klimpt', '2020-08-30', 'P025', 'C025'),
('E026', 'Gerente', 'Lestor', 'Coils', '2024-02-27', 'P026', 'C026'),
('E027', 'Gerente', 'Wrout', 'Yellop', '2019-12-30', 'P027', 'C027'),
('E028', 'Practicante', 'Byforth', 'Skermer', '2026-08-07', 'P028', 'C028'),
('E029', 'Gerente', 'Ruppelin', 'Wem', '2026-08-16', 'P029', 'C029'),
('E030', 'Analista', 'Cluderay', 'Stiebler', '2021-06-17', 'P030', 'C030'),
('E031', 'Analista', 'Zanettini', 'McFayden', '2027-06-23', 'P031', 'C031'),
('E032', 'Practicante', 'Studders', 'Bowyer', '2021-12-13', 'P032', 'C032'),
('E033', 'Analista', 'Blew', 'Ivey', '2022-07-19', 'P033', 'C033'),
('E034', 'Gerente', 'Lujan', 'Chippin', '2021-04-18', 'P034', 'C034'),
('E035', 'Administrador', 'Benns', 'Rennox', '2022-03-25', 'P035', 'C035'),
('E036', 'Administrador', 'Hynde', 'Lie', '2026-04-06', 'P036', 'C036'),
('E037', 'Practicante', 'Fischer', 'Batiste', '2026-04-13', 'P037', 'C037'),
('E038', 'Analista', 'Deave', 'Playfair', '2022-04-26', 'P038', 'C038'),
('E039', 'Practicante', 'Marran', 'Pay', '2023-02-26', 'P039', 'C039'),
('E040', 'Administrador', 'Grigoliis', 'Sowte', '2026-12-20', 'P040', 'C040'),
('E041', 'Practicante', 'Admans', 'Griffen', '2022-07-09', 'P041', 'C041'),
('E042', 'Administrador', 'Screaton', 'Yemm', '2021-12-14', 'P042', 'C042'),
('E043', 'Analista', 'Sporton', 'Torricina', '2027-06-19', 'P043', 'C043'),
('E044', 'Practicante', 'Hanselmann', 'Farnish', '2021-05-28', 'P044', 'C044'),
('E045', 'Analista', 'McQuaker', 'Brogiotti', '2020-01-12', 'P045', 'C045'),
('E046', 'Analista', 'Lothean', 'Gatley', '2024-11-09', 'P046', 'C046'),
('E047', 'Gerente', 'Joscelin', 'Kennon', '2026-08-12', 'P047', 'C047'),
('E048', 'Practicante', 'Bedbury', 'Cloonan', '2026-10-19', 'P048', 'C048'),
('E049', 'Practicante', 'McKendry', 'Ivanenkov', '2021-11-15', 'P049', 'C049'),
('E050', 'Analista', 'Titford', 'Crocetto', '2020-10-14', 'P050', 'C050'),
('E051', 'Administrador', 'Barrs', 'Extill', '2020-09-17', 'P051', 'C051'),
('E052', 'Analista', 'Jerschke', 'Bail', '2024-09-21', 'P052', 'C052'),
('E053', 'Administrador', 'Cobbe', 'Lahy', '2023-11-11', 'P053', 'C053'),
('E054', 'Practicante', 'Laughton', 'Nollet', '2022-07-21', 'P054', 'C054'),
('E055', 'Practicante', 'Muckleston', 'Coursor', '2027-01-22', 'P055', 'C055'),
('E056', 'Analista', 'Liggins', 'Birtwistle', '2024-11-28', 'P056', 'C056'),
('E057', 'Practicante', 'Fredi', 'Elphey', '2021-02-22', 'P057', 'C057'),
('E058', 'Gerente', 'Neiland', 'MacVay', '2025-07-12', 'P058', 'C058'),
('E059', 'Analista', 'Kauter', 'Diddams', '2020-07-21', 'P059', 'C059'),
('E060', 'Administrador', 'Burchett', 'Heayn', '2026-11-29', 'P060', 'C060'),
('E061', 'Gerente', 'Letch', 'Hockly', '2025-12-20', 'P061', 'C061'),
('E062', 'Practicante', 'Burrell', 'Seniour', '2022-06-10', 'P062', 'C062'),
('E063', 'Administrador', 'Szydel', 'Joaquim', '2027-08-15', 'P063', 'C063'),
('E064', 'Practicante', 'Chipping', 'Defries', '2024-04-21', 'P064', 'C064'),
('E065', 'Gerente', 'Kilroy', 'Garnon', '2027-05-14', 'P065', 'C065'),
('E066', 'Administrador', 'Fargo', 'Frusso', '2020-05-01', 'P066', 'C066'),
('E067', 'Administrador', 'Barriball', 'Outhwaite', '2022-12-11', 'P067', 'C067'),
('E068', 'Administrador', 'Demkowicz', 'Danaher', '2025-11-08', 'P068', 'C068'),
('E069', 'Analista', 'Oxdale', 'Overman', '2027-03-19', 'P069', 'C069'),
('E070', 'Administrador', 'Crummy', 'Worssam', '2021-03-24', 'P070', 'C070'),
('E071', 'Gerente', 'Van den Oord', 'Amoroso', '2026-02-27', 'P071', 'C071'),
('E072', 'Analista', 'Marrow', 'Schultze', '2024-03-23', 'P072', 'C072'),
('E073', 'Administrador', 'Cockerill', 'Lightbowne', '2025-05-11', 'P073', 'C073'),
('E074', 'Administrador', 'Gorrell', 'Meyrick', '2020-06-14', 'P074', 'C074'),
('E075', 'Administrador', 'Branston', 'Brunnstein', '2024-04-10', 'P075', 'C075'),
('E076', 'Administrador', 'Defazio', 'Gringron', '2020-01-13', 'P076', 'C076'),
('E077', 'Analista', 'Stacker', 'Matthau', '2026-09-02', 'P077', 'C077'),
('E078', 'Gerente', 'Canley', 'Kelling', '2023-06-30', 'P078', 'C078'),
('E079', 'Gerente', 'Brookbanks', 'Fernick', '2026-11-25', 'P079', 'C079'),
('E080', 'Gerente', 'Dearden', 'Herriott', '2020-04-27', 'P080', 'C080'),
('E081', 'Gerente', 'Stendall', 'Pale', '2021-07-28', 'P081', 'C081'),
('E082', 'Administrador', 'Oyes', 'Depas', '2023-09-24', 'P082', 'C082'),
('E083', 'Analista', 'Godinton', 'Anglish', '2021-03-19', 'P083', 'C083'),
('E084', 'Administrador', 'Jorez', 'Saltwood', '2024-01-09', 'P084', 'C084'),
('E085', 'Administrador', 'Nokelby', 'Postance', '2025-07-26', 'P085', 'C085'),
('E086', 'Administrador', 'Greim', 'Rabbath', '2024-11-21', 'P086', 'C086'),
('E087', 'Analista', 'Dreghorn', 'Brabon', '2024-06-22', 'P087', 'C087'),
('E088', 'Analista', 'Gullers', 'Knell', '2022-08-15', 'P088', 'C088'),
('E089', 'Practicante', 'Sargeson', 'Hepher', '2026-01-28', 'P089', 'C089'),
('E090', 'Practicante', 'Hutty', 'Silber', '2023-06-19', 'P090', 'C090'),
('E091', 'Gerente', 'Maxweel', 'Cains', '2027-10-12', 'P091', 'C091'),
('E092', 'Analista', 'Rohlfing', 'Hibbell', '2025-04-20', 'P092', 'C092'),
('E093', 'Administrador', 'Shillan', 'Rough', '2026-09-01', 'P093', 'C093'),
('E094', 'Analista', 'Tidmarsh', 'Swadden', '2024-07-13', 'P094', 'C094'),
('E095', 'Gerente', 'Vanlint', 'Moggan', '2025-03-01', 'P095', 'C095'),
('E096', 'Gerente', 'Waddison', 'Besty', '2027-02-11', 'P096', 'C096'),
('E097', 'Analista', 'Ramet', 'Kingdom', '2024-02-23', 'P097', 'C097'),
('E098', 'Analista', 'Schild', 'Fidell', '2022-12-14', 'P098', 'C098'),
('E099', 'Gerente', 'Bridgenorth', 'Penkett', '2023-10-06', 'P099', 'C099'),
('E100', 'Administrador', 'Stigwood', 'Wightwick', '2022-08-03', 'P100', 'C100');


--Tabla Persona
INSERT INTO Persona (id_persona, nombre, nro_domicilio, ciudad, nro_documento, tipo_documento) VALUES ('P001', 'Serena', 385, 'Long Beach', 24897531, 'DNI');
INSERT INTO Persona (id_persona, nombre, nro_domicilio, ciudad, nro_documento, tipo_documento) VALUES ('P002', 'Cindelyn', 796, 'Roma', 72984157, 'Pasaporte');
INSERT INTO Persona (id_persona, nombre, nro_domicilio, ciudad, nro_documento, tipo_documento) VALUES ('P003', 'Timothy', 574, 'Gandu', 60432789, 'Carne de extranjería');
INSERT INTO Persona (id_persona, nombre, nro_domicilio, ciudad, nro_documento, tipo_documento) VALUES ('P004', 'Valencia', 402, 'Arroyo Seco', 10436728, 'DNI');
INSERT INTO Persona (id_persona, nombre, nro_domicilio, ciudad, nro_documento, tipo_documento) VALUES ('P005', 'Fredric', 923, 'Phanom Sarakham', 85062137, 'Pasaporte');
INSERT INTO Persona (id_persona, nombre, nro_domicilio, ciudad, nro_documento, tipo_documento) VALUES ('P006', 'Romona', 745, 'Qiansuo', 54738219, 'DNI');
INSERT INTO Persona (id_persona, nombre, nro_domicilio, ciudad, nro_documento, tipo_documento) VALUES ('P007', 'Brittan', 670, 'Salamanca', 39174628, 'DNI');
INSERT INTO Persona (id_persona, nombre, nro_domicilio, ciudad, nro_documento, tipo_documento) VALUES ('P008', 'Ardys', 134, 'Rajūzah', 98246530, 'Pasaporte');
INSERT INTO Persona (id_persona, nombre, nro_domicilio, ciudad, nro_documento, tipo_documento) VALUES ('P009', 'Jessica', 519, 'Orahovica Donja', 30587412, 'Carne de extranjería');
INSERT INTO Persona (id_persona, nombre, nro_domicilio, ciudad, nro_documento, tipo_documento) VALUES ('P010', 'Diego', 211, 'Yaypan', 41859374, 'DNI');
INSERT INTO Persona (id_persona, nombre, nro_domicilio, ciudad, nro_documento, tipo_documento) VALUES ('P011', 'Annmaria', 653, 'Rosario', 80946231, 'Pasaporte');
INSERT INTO Persona (id_persona, nombre, nro_domicilio, ciudad, nro_documento, tipo_documento) VALUES ('P012', 'Ram', 487, 'Long Beach', 39467285, 'Carne de extranjería');
INSERT INTO Persona (id_persona, nombre, nro_domicilio, ciudad, nro_documento, tipo_documento) VALUES ('P013', 'Camella', 782, 'Tinghir', 26074819, 'DNI');
INSERT INTO Persona (id_persona, nombre, nro_domicilio, ciudad, nro_documento, tipo_documento) VALUES ('P014', 'Birdie', 114, 'Cabanbanan', 50392618, 'Pasaporte');
INSERT INTO Persona (id_persona, nombre, nro_domicilio, ciudad, nro_documento, tipo_documento) VALUES ('P015', 'Ky', 308, 'Novopokrovskaya', 17864592, 'DNI');
INSERT INTO Persona (id_persona, nombre, nro_domicilio, ciudad, nro_documento, tipo_documento) VALUES ('P016', 'Chery', 621, 'San Cristóbal Totonicapán', 42769385, 'Pasaporte');
INSERT INTO Persona (id_persona, nombre, nro_domicilio, ciudad, nro_documento, tipo_documento) VALUES ('P017', 'Hedvige', 939, 'Guantouzui', 31584792, 'DNI');
INSERT INTO Persona (id_persona, nombre, nro_domicilio, ciudad, nro_documento, tipo_documento) VALUES ('P018', 'Wake', 876, 'Arvayheer', 84739126, 'Carne de extranjería');
INSERT INTO Persona (id_persona, nombre, nro_domicilio, ciudad, nro_documento, tipo_documento) VALUES ('P019', 'Willem', 459, 'Wenci', 59047382, 'Pasaporte');
INSERT INTO Persona (id_persona, nombre, nro_domicilio, ciudad, nro_documento, tipo_documento) VALUES ('P020', 'Halsey', 103, 'Pubal', 74192035, 'DNI');
INSERT INTO Persona (id_persona, nombre, nro_domicilio, ciudad, nro_documento, tipo_documento) VALUES ('P021', 'Lanell', 384, 'Taiping', 20385479, 'DNI');
INSERT INTO Persona (id_persona, nombre, nro_domicilio, ciudad, nro_documento, tipo_documento) VALUES ('P022', 'Victor', 812, 'Magdeburg', 47598321, 'Pasaporte');
INSERT INTO Persona (id_persona, nombre, nro_domicilio, ciudad, nro_documento, tipo_documento) VALUES ('P023', 'Jolynn', 573, 'Chibombo', 19374685, 'Carne de extranjería');
INSERT INTO Persona (id_persona, nombre, nro_domicilio, ciudad, nro_documento, tipo_documento) VALUES ('P024', 'Amira', 641, 'Fortaleza', 89753164, 'DNI');
INSERT INTO Persona (id_persona, nombre, nro_domicilio, ciudad, nro_documento, tipo_documento) VALUES ('P025', 'Brock', 905, 'Quba', 37458296, 'Pasaporte');
INSERT INTO Persona (id_persona, nombre, nro_domicilio, ciudad, nro_documento, tipo_documento) VALUES ('P026', 'Murray', 316, 'Azcapotzalco', 46297381, 'DNI');
INSERT INTO Persona (id_persona, nombre, nro_domicilio, ciudad, nro_documento, tipo_documento) VALUES ('P027', 'Alice', 275, 'Newark', 56489372, 'Carne de extranjería');
INSERT INTO Persona (id_persona, nombre, nro_domicilio, ciudad, nro_documento, tipo_documento) VALUES ('P028', 'Noreen', 193, 'Osaka', 12763549, 'Pasaporte');
INSERT INTO Persona (id_persona, nombre, nro_domicilio, ciudad, nro_documento, tipo_documento) VALUES ('P029', 'Julio', 548, 'Dhaka', 79843251, 'DNI');
INSERT INTO Persona (id_persona, nombre, nro_domicilio, ciudad, nro_documento, tipo_documento) VALUES ('P030', 'Glenn', 731, 'Valparaíso', 36419578, 'Pasaporte');
INSERT INTO Persona (id_persona, nombre, nro_domicilio, ciudad, nro_documento, tipo_documento) VALUES ('P031', 'Alyson', 659, 'Berlin', 50692837, 'Carne de extranjería');
INSERT INTO Persona (id_persona, nombre, nro_domicilio, ciudad, nro_documento, tipo_documento) VALUES ('P032', 'Derek', 214, 'Chicago', 89465312, 'DNI');
INSERT INTO Persona (id_persona, nombre, nro_domicilio, ciudad, nro_documento, tipo_documento) VALUES ('P033', 'Sara', 975, 'Amsterdam', 28456793, 'DNI');
INSERT INTO Persona (id_persona, nombre, nro_domicilio, ciudad, nro_documento, tipo_documento) VALUES ('P034', 'Elton', 363, 'Bangkok', 78249615, 'Pasaporte');
INSERT INTO Persona (id_persona, nombre, nro_domicilio, ciudad, nro_documento, tipo_documento) VALUES ('P035', 'Vanessa', 548, 'Medellín', 39045721, 'Carne de extranjería');
INSERT INTO Persona (id_persona, nombre, nro_domicilio, ciudad, nro_documento, tipo_documento) VALUES ('P036', 'Ron', 813, 'Sevilla', 47692180, 'DNI');
INSERT INTO Persona (id_persona, nombre, nro_domicilio, ciudad, nro_documento, tipo_documento) VALUES ('P037', 'Terry', 292, 'Toronto', 96482035, 'Pasaporte');
INSERT INTO Persona (id_persona, nombre, nro_domicilio, ciudad, nro_documento, tipo_documento) VALUES ('P038', 'Liam', 482, 'Lisboa', 73948510, 'DNI');
INSERT INTO Persona (id_persona, nombre, nro_domicilio, ciudad, nro_documento, tipo_documento) VALUES ('P039', 'Ashley', 103, 'Kiev', 62974385, 'Carne de extranjería');
INSERT INTO Persona (id_persona, nombre, nro_domicilio, ciudad, nro_documento, tipo_documento) VALUES ('P040', 'Marcus', 187, 'Múnich', 89134726, 'DNI');
INSERT INTO Persona (id_persona, nombre, nro_domicilio, ciudad, nro_documento, tipo_documento) VALUES ('P041', 'Eve', 915, 'Miami', 56734129, 'Pasaporte');
INSERT INTO Persona (id_persona, nombre, nro_domicilio, ciudad, nro_documento, tipo_documento) VALUES ('P042', 'Diana', 360, 'Londres', 81349720, 'Carne de extranjería');
INSERT INTO Persona (id_persona, nombre, nro_domicilio, ciudad, nro_documento, tipo_documento) VALUES ('P043', 'Harvey', 742, 'París', 24358109, 'Pasaporte');
INSERT INTO Persona (id_persona, nombre, nro_domicilio, ciudad, nro_documento, tipo_documento) VALUES ('P044', 'Iris', 101, 'Tokio', 45923716, 'DNI');
INSERT INTO Persona (id_persona, nombre, nro_domicilio, ciudad, nro_documento, tipo_documento) VALUES ('P045', 'Lucas', 554, 'Roma', 57234918, 'Carne de extranjería');
INSERT INTO Persona (id_persona, nombre, nro_domicilio, ciudad, nro_documento, tipo_documento) VALUES ('P046', 'Sophia', 678, 'Sydney', 81529364, 'DNI');
INSERT INTO Persona (id_persona, nombre, nro_domicilio, ciudad, nro_documento, tipo_documento) VALUES ('P047', 'Hector', 391, 'Moscú', 36147289, 'DNI');
INSERT INTO Persona (id_persona, nombre, nro_domicilio, ciudad, nro_documento, tipo_documento) VALUES ('P048', 'Nathan', 214, 'Madrid', 72938564, 'Pasaporte');
INSERT INTO Persona (id_persona, nombre, nro_domicilio, ciudad, nro_documento, tipo_documento) VALUES ('P049', 'Grace', 532, 'Praga', 19627483, 'Carne de extranjería');
INSERT INTO Persona (id_persona, nombre, nro_domicilio, ciudad, nro_documento, tipo_documento) VALUES ('P050', 'Elliot', 804, 'Toronto', 83294765, 'DNI');
INSERT INTO Persona (id_persona, nombre, nro_domicilio, ciudad, nro_documento, tipo_documento) VALUES ('P051', 'Lila', 455, 'Singapur', 98732451, 'Pasaporte');
INSERT INTO Persona (id_persona, nombre, nro_domicilio, ciudad, nro_documento, tipo_documento) VALUES ('P052', 'Oscar', 278, 'Helsinki', 62547381, 'DNI');
INSERT INTO Persona (id_persona, nombre, nro_domicilio, ciudad, nro_documento, tipo_documento) VALUES ('P053', 'Olivia', 639, 'Atenas', 82346915, 'Carne de extranjería');
INSERT INTO Persona (id_persona, nombre, nro_domicilio, ciudad, nro_documento, tipo_documento) VALUES ('P054', 'Ethan', 512, 'Estocolmo', 49273156, 'DNI');
INSERT INTO Persona (id_persona, nombre, nro_domicilio, ciudad, nro_documento, tipo_documento) VALUES ('P055', 'Zoe', 804, 'Luxemburgo', 37152684, 'Pasaporte');
INSERT INTO Persona (id_persona, nombre, nro_domicilio, ciudad, nro_documento, tipo_documento) VALUES ('P056', 'Caleb', 273, 'Oslo', 73829510, 'DNI');
INSERT INTO Persona (id_persona, nombre, nro_domicilio, ciudad, nro_documento, tipo_documento) VALUES ('P057', 'Jade', 192, 'Reikiavik', 61948352, 'Carne de extranjería');
INSERT INTO Persona (id_persona, nombre, nro_domicilio, ciudad, nro_documento, tipo_documento) VALUES ('P058', 'Eve', 641, 'Ciudad de México', 89273516, 'DNI');
INSERT INTO Persona (id_persona, nombre, nro_domicilio, ciudad, nro_documento, tipo_documento) VALUES ('P059', 'Brian', 875, 'Monterrey', 46218397, 'Pasaporte');
INSERT INTO Persona (id_persona, nombre, nro_domicilio, ciudad, nro_documento, tipo_documento) VALUES ('P060', 'Mia', 249, 'Buenos Aires', 75391026, 'DNI');
INSERT INTO Persona (id_persona, nombre, nro_domicilio, ciudad, nro_documento, tipo_documento) VALUES ('P061', 'Noah', 519, 'Valencia', 38462975, 'Carne de extranjería');
INSERT INTO Persona (id_persona, nombre, nro_domicilio, ciudad, nro_documento, tipo_documento) VALUES ('P062', 'Aria', 374, 'Lima', 86279143, 'Pasaporte');
INSERT INTO Persona (id_persona, nombre, nro_domicilio, ciudad, nro_documento, tipo_documento) VALUES ('P063', 'James', 792, 'Quito', 42981576, 'DNI');
INSERT INTO Persona (id_persona, nombre, nro_domicilio, ciudad, nro_documento, tipo_documento) VALUES ('P064', 'Ava', 638, 'Santiago', 97523841, 'Carne de extranjería');
INSERT INTO Persona (id_persona, nombre, nro_domicilio, ciudad, nro_documento, tipo_documento) VALUES ('P065', 'Liam', 285, 'Bogotá', 23654789, 'Pasaporte');
INSERT INTO Persona (id_persona, nombre, nro_domicilio, ciudad, nro_documento, tipo_documento) VALUES ('P066', 'Emma', 761, 'Montevideo', 41937682, 'DNI');
INSERT INTO Persona (id_persona, nombre, nro_domicilio, ciudad, nro_documento, tipo_documento) VALUES ('P067', 'Evelyn', 102, 'Asunción', 59483712, 'Carne de extranjería');
INSERT INTO Persona (id_persona, nombre, nro_domicilio, ciudad, nro_documento, tipo_documento) VALUES ('P068', 'Henry', 425, 'Brasilia', 83271549, 'Pasaporte');
INSERT INTO Persona (id_persona, nombre, nro_domicilio, ciudad, nro_documento, tipo_documento) VALUES ('P069', 'Camila', 903, 'Caracas', 12963748, 'DNI');
INSERT INTO Persona (id_persona, nombre, nro_domicilio, ciudad, nro_documento, tipo_documento) VALUES ('P070', 'Lucas', 234, 'La Paz', 57392146, 'Carne de extranjería');
INSERT INTO Persona (id_persona, nombre, nro_domicilio, ciudad, nro_documento, tipo_documento) VALUES ('P071', 'Sophia', 347, 'Panamá', 72649581, 'Pasaporte');
INSERT INTO Persona (id_persona, nombre, nro_domicilio, ciudad, nro_documento, tipo_documento) VALUES ('P072', 'Ethan', 759, 'Managua', 49281673, 'DNI');
INSERT INTO Persona (id_persona, nombre, nro_domicilio, ciudad, nro_documento, tipo_documento) VALUES ('P073', 'Isabella', 876, 'San Salvador', 58192374, 'Carne de extranjería');
INSERT INTO Persona (id_persona, nombre, nro_domicilio, ciudad, nro_documento, tipo_documento) VALUES ('P074', 'Oliver', 184, 'Tegucigalpa', 34918265, 'Pasaporte');
INSERT INTO Persona (id_persona, nombre, nro_domicilio, ciudad, nro_documento, tipo_documento) VALUES ('P075', 'Lily', 325, 'Guatemala City', 78452139, 'DNI');
INSERT INTO Persona (id_persona, nombre, nro_domicilio, ciudad, nro_documento, tipo_documento) VALUES ('P076', 'Ryan', 927, 'Belmopan', 69251834, 'Carne de extranjería');
INSERT INTO Persona (id_persona, nombre, nro_domicilio, ciudad, nro_documento, tipo_documento) VALUES ('P077', 'Alice', 462, 'Kingston', 28145973, 'Pasaporte');
INSERT INTO Persona (id_persona, nombre, nro_domicilio, ciudad, nro_documento, tipo_documento) VALUES ('P078', 'Isaac', 701, 'Havana', 71532894, 'DNI');
INSERT INTO Persona (id_persona, nombre, nro_domicilio, ciudad, nro_documento, tipo_documento) VALUES ('P079', 'Chloe', 649, 'Santo Domingo', 39487152, 'Carne de extranjería');
INSERT INTO Persona (id_persona, nombre, nro_domicilio, ciudad, nro_documento, tipo_documento) VALUES ('P080', 'Zoe', 843, 'Port-au-Prince', 82937165, 'DNI');
INSERT INTO Persona (id_persona, nombre, nro_domicilio, ciudad, nro_documento, tipo_documento) VALUES ('P081', 'Sebastian', 194, 'San Juan', 56418273, 'Pasaporte');
INSERT INTO Persona (id_persona, nombre, nro_domicilio, ciudad, nro_documento, tipo_documento) VALUES ('P082', 'Harper', 398, 'Bridgetown', 67829135, 'Carne de extranjería');
INSERT INTO Persona (id_persona, nombre, nro_domicilio, ciudad, nro_documento, tipo_documento) VALUES ('P083', 'Levi', 907, 'Castries', 48297351, 'DNI');
INSERT INTO Persona (id_persona, nombre, nro_domicilio, ciudad, nro_documento, tipo_documento) VALUES ('P084', 'Ella', 672, 'Kingstown', 23785694, 'Pasaporte');
INSERT INTO Persona (id_persona, nombre, nro_domicilio, ciudad, nro_documento, tipo_documento) VALUES ('P085', 'Aria', 328, 'Roseau', 91537862, 'DNI');
INSERT INTO Persona (id_persona, nombre, nro_domicilio, ciudad, nro_documento, tipo_documento) VALUES ('P086', 'Emily', 553, 'Nassau', 39284715, 'Carne de extranjería');
INSERT INTO Persona (id_persona, nombre, nro_domicilio, ciudad, nro_documento, tipo_documento) VALUES ('P087', 'Leo', 376, 'Castries', 89273154, 'DNI');
INSERT INTO Persona (id_persona, nombre, nro_domicilio, ciudad, nro_documento, tipo_documento) VALUES ('P088', 'Mila', 786, 'Bridgetown', 47619382, 'Pasaporte');
INSERT INTO Persona (id_persona, nombre, nro_domicilio, ciudad, nro_documento, tipo_documento) VALUES ('P089', 'Emily', 553, 'Nassau', 39284715, 'Carne de extranjería');
INSERT INTO Persona (id_persona, nombre, nro_domicilio, ciudad, nro_documento, tipo_documento) VALUES ('P090', 'Leo', 376, 'Castries', 89273154, 'DNI');
INSERT INTO Persona (id_persona, nombre, nro_domicilio, ciudad, nro_documento, tipo_documento) VALUES ('P091', 'Mila', 786, 'Bridgetown', 47619382, 'Pasaporte');
INSERT INTO Persona (id_persona, nombre, nro_domicilio, ciudad, nro_documento, tipo_documento) VALUES ('P092', 'Gabriel', 217, 'Havana', 38569274, 'Carne de extranjería');
INSERT INTO Persona (id_persona, nombre, nro_domicilio, ciudad, nro_documento, tipo_documento) VALUES ('P093', 'Liam', 492, 'Kingston', 71548329, 'DNI');
INSERT INTO Persona (id_persona, nombre, nro_domicilio, ciudad, nro_documento, tipo_documento) VALUES ('P094', 'Victoria', 621, 'San Juan', 32847561, 'Pasaporte');
INSERT INTO Persona (id_persona, nombre, nro_domicilio, ciudad, nro_documento, tipo_documento) VALUES ('P095', 'Lucas', 813, 'Port-au-Prince', 41628379, 'Carne de extranjería');
INSERT INTO Persona (id_persona, nombre, nro_domicilio, ciudad, nro_documento, tipo_documento) VALUES ('P096', 'Amelia', 153, 'Santo Domingo', 58937146, 'DNI');
INSERT INTO Persona (id_persona, nombre, nro_domicilio, ciudad, nro_documento, tipo_documento) VALUES ('P097', 'Benjamin', 894, 'San Salvador', 76318542, 'Pasaporte');
INSERT INTO Persona (id_persona, nombre, nro_domicilio, ciudad, nro_documento, tipo_documento) VALUES ('P098', 'Scarlett', 471, 'Managua', 19384657, 'Carne de extranjería');
INSERT INTO Persona (id_persona, nombre, nro_domicilio, ciudad, nro_documento, tipo_documento) VALUES ('P099', 'David', 264, 'Panamá', 42658319, 'DNI');
INSERT INTO Persona (id_persona, nombre, nro_domicilio, ciudad, nro_documento, tipo_documento) VALUES ('P100', 'Ella', 832, 'La Paz', 82935167, 'Pasaporte');


--Tabla Contrato_empleado
insert into Contrato_empleado (id_contrato_empleado, fecha_inicio, estado_contrato, jornada_laboral) values ('C001', '2024-07-16', 'Suspendido', 'Turno rotativo');
insert into Contrato_empleado (id_contrato_empleado, fecha_inicio, estado_contrato, jornada_laboral) values ('C002', '2024-02-27', 'Desvinculado', 'Completa');
insert into Contrato_empleado (id_contrato_empleado, fecha_inicio, estado_contrato, jornada_laboral) values ('C003', '2024-05-17', 'Activo', 'Turno rotativo');
insert into Contrato_empleado (id_contrato_empleado, fecha_inicio, estado_contrato, jornada_laboral) values ('C004', '2024-01-08', 'Suspendido', 'Completa');
insert into Contrato_empleado (id_contrato_empleado, fecha_inicio, estado_contrato, jornada_laboral) values ('C005', '2024-01-26', 'Suspendido', 'Turno rotativo');
insert into Contrato_empleado (id_contrato_empleado, fecha_inicio, estado_contrato, jornada_laboral) values ('C006', '2024-03-19', 'Desvinculado', 'Completa');
insert into Contrato_empleado (id_contrato_empleado, fecha_inicio, estado_contrato, jornada_laboral) values ('C007', '2024-07-07', 'Suspendido', 'Turno rotativo');
insert into Contrato_empleado (id_contrato_empleado, fecha_inicio, estado_contrato, jornada_laboral) values ('C008', '2024-02-24', 'Activo', 'Completa');
insert into Contrato_empleado (id_contrato_empleado, fecha_inicio, estado_contrato, jornada_laboral) values ('C009', '2024-06-17', 'Desvinculado', 'Completa');
insert into Contrato_empleado (id_contrato_empleado, fecha_inicio, estado_contrato, jornada_laboral) values ('C010', '2024-02-04', 'Suspendido', 'Turno rotativo');
insert into Contrato_empleado (id_contrato_empleado, fecha_inicio, estado_contrato, jornada_laboral) values ('C011', '2024-01-03', 'Suspendido', 'Parcial');
insert into Contrato_empleado (id_contrato_empleado, fecha_inicio, estado_contrato, jornada_laboral) values ('C012', '2024-06-09', 'Desvinculado', 'Turno rotativo');
insert into Contrato_empleado (id_contrato_empleado, fecha_inicio, estado_contrato, jornada_laboral) values ('C013', '2024-10-07', 'Activo', 'Turno rotativo');
insert into Contrato_empleado (id_contrato_empleado, fecha_inicio, estado_contrato, jornada_laboral) values ('C014', '2023-12-06', 'Suspendido', 'Turno rotativo');
insert into Contrato_empleado (id_contrato_empleado, fecha_inicio, estado_contrato, jornada_laboral) values ('C015', '2024-02-03', 'Activo', 'Completa');
insert into Contrato_empleado (id_contrato_empleado, fecha_inicio, estado_contrato, jornada_laboral) values ('C016', '2023-12-28', 'Activo', 'Turno rotativo');
insert into Contrato_empleado (id_contrato_empleado, fecha_inicio, estado_contrato, jornada_laboral) values ('C017', '2024-09-17', 'Activo', 'Turno rotativo');
insert into Contrato_empleado (id_contrato_empleado, fecha_inicio, estado_contrato, jornada_laboral) values ('C018', '2024-04-21', 'Suspendido', 'Turno rotativo');
insert into Contrato_empleado (id_contrato_empleado, fecha_inicio, estado_contrato, jornada_laboral) values ('C019', '2024-09-23', 'Desvinculado', 'Completa');
insert into Contrato_empleado (id_contrato_empleado, fecha_inicio, estado_contrato, jornada_laboral) values ('C020', '2024-11-07', 'Suspendido', 'Completa');
insert into Contrato_empleado (id_contrato_empleado, fecha_inicio, estado_contrato, jornada_laboral) values ('C021', '2023-11-15', 'Activo', 'Turno rotativo');
insert into Contrato_empleado (id_contrato_empleado, fecha_inicio, estado_contrato, jornada_laboral) values ('C022', '2023-11-25', 'Suspendido', 'Parcial');
insert into Contrato_empleado (id_contrato_empleado, fecha_inicio, estado_contrato, jornada_laboral) values ('C023', '2023-10-12', 'Desvinculado', 'Completa');
insert into Contrato_empleado (id_contrato_empleado, fecha_inicio, estado_contrato, jornada_laboral) values ('C024', '2024-03-18', 'Activo', 'Turno rotativo');
insert into Contrato_empleado (id_contrato_empleado, fecha_inicio, estado_contrato, jornada_laboral) values ('C025', '2023-12-20', 'Suspendido', 'Parcial');
insert into Contrato_empleado (id_contrato_empleado, fecha_inicio, estado_contrato, jornada_laboral) values ('C026', '2023-09-25', 'Desvinculado', 'Turno rotativo');
insert into Contrato_empleado (id_contrato_empleado, fecha_inicio, estado_contrato, jornada_laboral) values ('C027', '2024-02-10', 'Activo', 'Completa');
insert into Contrato_empleado (id_contrato_empleado, fecha_inicio, estado_contrato, jornada_laboral) values ('C028', '2023-12-05', 'Desvinculado', 'Parcial');
insert into Contrato_empleado (id_contrato_empleado, fecha_inicio, estado_contrato, jornada_laboral) values ('C029', '2024-01-01', 'Activo', 'Turno rotativo');
insert into Contrato_empleado (id_contrato_empleado, fecha_inicio, estado_contrato, jornada_laboral) values ('C030', '2023-11-02', 'Suspendido', 'Parcial');
insert into Contrato_empleado (id_contrato_empleado, fecha_inicio, estado_contrato, jornada_laboral) values ('C031', '2024-05-14', 'Desvinculado', 'Completa');
insert into Contrato_empleado (id_contrato_empleado, fecha_inicio, estado_contrato, jornada_laboral) values ('C032', '2024-06-07', 'Activo', 'Parcial');
insert into Contrato_empleado (id_contrato_empleado, fecha_inicio, estado_contrato, jornada_laboral) values ('C033', '2024-02-19', 'Suspendido', 'Completa');
insert into Contrato_empleado (id_contrato_empleado, fecha_inicio, estado_contrato, jornada_laboral) values ('C034', '2023-08-22', 'Desvinculado', 'Turno rotativo');
insert into Contrato_empleado (id_contrato_empleado, fecha_inicio, estado_contrato, jornada_laboral) values ('C035', '2024-09-12', 'Activo', 'Completa');
insert into Contrato_empleado (id_contrato_empleado, fecha_inicio, estado_contrato, jornada_laboral) values ('C036', '2023-12-17', 'Suspendido', 'Parcial');
insert into Contrato_empleado (id_contrato_empleado, fecha_inicio, estado_contrato, jornada_laboral) values ('C037', '2024-01-10', 'Desvinculado', 'Completa');
insert into Contrato_empleado (id_contrato_empleado, fecha_inicio, estado_contrato, jornada_laboral) values ('C038', '2024-04-23', 'Activo', 'Turno rotativo');
insert into Contrato_empleado (id_contrato_empleado, fecha_inicio, estado_contrato, jornada_laboral) values ('C039', '2023-09-30', 'Desvinculado', 'Parcial');
insert into Contrato_empleado (id_contrato_empleado, fecha_inicio, estado_contrato, jornada_laboral) values ('C040', '2024-03-11', 'Activo', 'Parcial');
insert into Contrato_empleado (id_contrato_empleado, fecha_inicio, estado_contrato, jornada_laboral) values ('C041', '2024-06-22', 'Suspendido', 'Turno rotativo');
insert into Contrato_empleado (id_contrato_empleado, fecha_inicio, estado_contrato, jornada_laboral) values ('C042', '2023-11-18', 'Desvinculado', 'Parcial');
insert into Contrato_empleado (id_contrato_empleado, fecha_inicio, estado_contrato, jornada_laboral) values ('C043', '2024-03-23', 'Activo', 'Completa');
insert into Contrato_empleado (id_contrato_empleado, fecha_inicio, estado_contrato, jornada_laboral) values ('C044', '2023-07-05', 'Suspendido', 'Turno rotativo');
insert into Contrato_empleado (id_contrato_empleado, fecha_inicio, estado_contrato, jornada_laboral) values ('C045', '2024-01-30', 'Desvinculado', 'Completa');
insert into Contrato_empleado (id_contrato_empleado, fecha_inicio, estado_contrato, jornada_laboral) values ('C046', '2024-04-14', 'Activo', 'Parcial');
insert into Contrato_empleado (id_contrato_empleado, fecha_inicio, estado_contrato, jornada_laboral) values ('C047', '2024-02-01', 'Suspendido', 'Turno rotativo');
insert into Contrato_empleado (id_contrato_empleado, fecha_inicio, estado_contrato, jornada_laboral) values ('C048', '2023-10-16', 'Desvinculado', 'Completa');
insert into Contrato_empleado (id_contrato_empleado, fecha_inicio, estado_contrato, jornada_laboral) values ('C049', '2024-07-04', 'Activo', 'Turno rotativo');
insert into Contrato_empleado (id_contrato_empleado, fecha_inicio, estado_contrato, jornada_laboral) values ('C050', '2023-12-25', 'Suspendido', 'Completa');
insert into Contrato_empleado (id_contrato_empleado, fecha_inicio, estado_contrato, jornada_laboral) values ('C051', '2024-05-22', 'Desvinculado', 'Parcial');
insert into Contrato_empleado (id_contrato_empleado, fecha_inicio, estado_contrato, jornada_laboral) values ('C052', '2023-11-07', 'Activo', 'Completa');
insert into Contrato_empleado (id_contrato_empleado, fecha_inicio, estado_contrato, jornada_laboral) values ('C053', '2023-10-11', 'Suspendido', 'Parcial');
insert into Contrato_empleado (id_contrato_empleado, fecha_inicio, estado_contrato, jornada_laboral) values ('C054', '2024-06-17', 'Desvinculado', 'Turno rotativo');
insert into Contrato_empleado (id_contrato_empleado, fecha_inicio, estado_contrato, jornada_laboral) values ('C055', '2024-03-05', 'Activo', 'Turno rotativo');
insert into Contrato_empleado (id_contrato_empleado, fecha_inicio, estado_contrato, jornada_laboral) values ('C056', '2024-05-18', 'Suspendido', 'Parcial');
insert into Contrato_empleado (id_contrato_empleado, fecha_inicio, estado_contrato, jornada_laboral) values ('C057', '2023-09-12', 'Desvinculado', 'Turno rotativo');
insert into Contrato_empleado (id_contrato_empleado, fecha_inicio, estado_contrato, jornada_laboral) values ('C058', '2023-12-22', 'Activo', 'Completa');
insert into Contrato_empleado (id_contrato_empleado, fecha_inicio, estado_contrato, jornada_laboral) values ('C059', '2024-04-03', 'Suspendido', 'Turno rotativo');
insert into Contrato_empleado (id_contrato_empleado, fecha_inicio, estado_contrato, jornada_laboral) values ('C060', '2024-06-13', 'Desvinculado', 'Parcial');
insert into Contrato_empleado (id_contrato_empleado, fecha_inicio, estado_contrato, jornada_laboral) values ('C061', '2024-01-24', 'Activo', 'Parcial');
insert into Contrato_empleado (id_contrato_empleado, fecha_inicio, estado_contrato, jornada_laboral) values ('C062', '2024-09-10', 'Suspendido', 'Turno rotativo');
insert into Contrato_empleado (id_contrato_empleado, fecha_inicio, estado_contrato, jornada_laboral) values ('C063', '2023-12-12', 'Desvinculado', 'Completa');
insert into Contrato_empleado (id_contrato_empleado, fecha_inicio, estado_contrato, jornada_laboral) values ('C064', '2023-11-23', 'Activo', 'Parcial');
insert into Contrato_empleado (id_contrato_empleado, fecha_inicio, estado_contrato, jornada_laboral) values ('C065', '2024-07-28', 'Suspendido', 'Turno rotativo');
insert into Contrato_empleado (id_contrato_empleado, fecha_inicio, estado_contrato, jornada_laboral) values ('C066', '2024-04-29', 'Desvinculado', 'Parcial');
insert into Contrato_empleado (id_contrato_empleado, fecha_inicio, estado_contrato, jornada_laboral) values ('C067', '2023-08-01', 'Activo', 'Turno rotativo');
insert into Contrato_empleado (id_contrato_empleado, fecha_inicio, estado_contrato, jornada_laboral) values ('C068', '2023-10-28', 'Suspendido', 'Completa');
insert into Contrato_empleado (id_contrato_empleado, fecha_inicio, estado_contrato, jornada_laboral) values ('C069', '2024-01-04', 'Desvinculado', 'Turno rotativo');
insert into Contrato_empleado (id_contrato_empleado, fecha_inicio, estado_contrato, jornada_laboral) values ('C070', '2024-07-02', 'Activo', 'Parcial');
insert into Contrato_empleado (id_contrato_empleado, fecha_inicio, estado_contrato, jornada_laboral) values ('C071', '2024-03-06', 'Suspendido', 'Parcial');
insert into Contrato_empleado (id_contrato_empleado, fecha_inicio, estado_contrato, jornada_laboral) values ('C072', '2024-05-01', 'Desvinculado', 'Completa');
insert into Contrato_empleado (id_contrato_empleado, fecha_inicio, estado_contrato, jornada_laboral) values ('C073', '2024-06-05', 'Activo', 'Turno rotativo');
insert into Contrato_empleado (id_contrato_empleado, fecha_inicio, estado_contrato, jornada_laboral) values ('C074', '2023-10-04', 'Suspendido', 'Parcial');
insert into Contrato_empleado (id_contrato_empleado, fecha_inicio, estado_contrato, jornada_laboral) values ('C075', '2023-12-29', 'Desvinculado', 'Completa');
insert into Contrato_empleado (id_contrato_empleado, fecha_inicio, estado_contrato, jornada_laboral) values ('C076', '2024-08-25', 'Activo', 'Turno rotativo');
insert into Contrato_empleado (id_contrato_empleado, fecha_inicio, estado_contrato, jornada_laboral) values ('C077', '2024-04-18', 'Suspendido', 'Parcial');
insert into Contrato_empleado (id_contrato_empleado, fecha_inicio, estado_contrato, jornada_laboral) values ('C078', '2024-07-11', 'Desvinculado', 'Completa');
insert into Contrato_empleado (id_contrato_empleado, fecha_inicio, estado_contrato, jornada_laboral) values ('C079', '2024-08-14', 'Activo', 'Parcial');
insert into Contrato_empleado (id_contrato_empleado, fecha_inicio, estado_contrato, jornada_laboral) values ('C080', '2024-02-29', 'Suspendido', 'Completa');
insert into Contrato_empleado (id_contrato_empleado, fecha_inicio, estado_contrato, jornada_laboral) values ('C081', '2024-08-24', 'Suspendido', 'Parcial');
insert into Contrato_empleado (id_contrato_empleado, fecha_inicio, estado_contrato, jornada_laboral) values ('C082', '2024-10-05', 'Desvinculado', 'Parcial');
insert into Contrato_empleado (id_contrato_empleado, fecha_inicio, estado_contrato, jornada_laboral) values ('C083', '2024-04-30', 'Desvinculado', 'Turno rotativo');
insert into Contrato_empleado (id_contrato_empleado, fecha_inicio, estado_contrato, jornada_laboral) values ('C084', '2023-12-15', 'Suspendido', 'Turno rotativo');
insert into Contrato_empleado (id_contrato_empleado, fecha_inicio, estado_contrato, jornada_laboral) values ('C085', '2023-12-06', 'Suspendido', 'Completa');
insert into Contrato_empleado (id_contrato_empleado, fecha_inicio, estado_contrato, jornada_laboral) values ('C086', '2024-10-19', 'Desvinculado', 'Parcial');
insert into Contrato_empleado (id_contrato_empleado, fecha_inicio, estado_contrato, jornada_laboral) values ('C087', '2023-12-18', 'Desvinculado', 'Completa');
insert into Contrato_empleado (id_contrato_empleado, fecha_inicio, estado_contrato, jornada_laboral) values ('C088', '2024-07-14', 'Suspendido', 'Turno rotativo');
insert into Contrato_empleado (id_contrato_empleado, fecha_inicio, estado_contrato, jornada_laboral) values ('C089', '2024-11-04', 'Activo', 'Turno rotativo');
insert into Contrato_empleado (id_contrato_empleado, fecha_inicio, estado_contrato, jornada_laboral) values ('C090', '2024-06-13', 'Suspendido', 'Completa');
insert into Contrato_empleado (id_contrato_empleado, fecha_inicio, estado_contrato, jornada_laboral) values ('C091', '2024-07-25', 'Activo', 'Parcial');
insert into Contrato_empleado (id_contrato_empleado, fecha_inicio, estado_contrato, jornada_laboral) values ('C092', '2024-11-21', 'Desvinculado', 'Turno rotativo');
insert into Contrato_empleado (id_contrato_empleado, fecha_inicio, estado_contrato, jornada_laboral) values ('C093', '2024-07-04', 'Suspendido', 'Parcial');
insert into Contrato_empleado (id_contrato_empleado, fecha_inicio, estado_contrato, jornada_laboral) values ('C094', '2024-10-02', 'Activo', 'Parcial');
insert into Contrato_empleado (id_contrato_empleado, fecha_inicio, estado_contrato, jornada_laboral) values ('C095', '2024-09-06', 'Suspendido', 'Turno rotativo');
insert into Contrato_empleado (id_contrato_empleado, fecha_inicio, estado_contrato, jornada_laboral) values ('C096', '2024-08-17', 'Desvinculado', 'Completa');
insert into Contrato_empleado (id_contrato_empleado, fecha_inicio, estado_contrato, jornada_laboral) values ('C097', '2024-04-28', 'Activo', 'Completa');
insert into Contrato_empleado (id_contrato_empleado, fecha_inicio, estado_contrato, jornada_laboral) values ('C098', '2024-05-26', 'Desvinculado', 'Parcial');
insert into Contrato_empleado (id_contrato_empleado, fecha_inicio, estado_contrato, jornada_laboral) values ('C099', '2023-12-18', 'Desvinculado', 'Parcial');
insert into Contrato_empleado (id_contrato_empleado, fecha_inicio, estado_contrato, jornada_laboral) values ('C100', '2024-01-05', 'Desvinculado', 'Parcial');



