insert into Zona (id_zona, nombre_zona, piso, referencia) values ('Z001', 'Zona1', 3, 'non velit nec nisi vulputate nonummy maecenas tincidunt lacus at velit vivamus vel nulla eget');
insert into Zona (id_zona, nombre_zona, piso, referencia) values ('Z002', 'Zona2', 4, 'suspendisse accumsan tortor quis turpis sed ante vivamus tortor duis mattis');
insert into Zona (id_zona, nombre_zona, piso, referencia) values ('Z003', 'Zona3', 1, 'potenti nullam porttitor lacus at turpis donec posuere metus vitae ipsum aliquam');
insert into Zona (id_zona, nombre_zona, piso, referencia) values ('Z004', 'Zona4', 1, 'ac leo pellentesque ultrices mattis odio donec vitae nisi nam');
insert into Zona (id_zona, nombre_zona, piso, referencia) values ('Z005', 'Zona5', 1, 'id justo sit amet sapien dignissim vestibulum vestibulum ante ipsum primis in faucibus orci luctus et ultrices posuere cubilia curae');
insert into Zona (id_zona, nombre_zona, piso, referencia) values ('Z006', 'Zona6', 1, 'accumsan odio curabitur convallis duis consequat dui nec nisi volutpat eleifend donec ut dolor morbi');
insert into Zona (id_zona, nombre_zona, piso, referencia) values ('Z007', 'Zona7', 3, 'ultrices enim lorem ipsum dolor sit amet consectetuer adipiscing elit proin interdum mauris non');
insert into Zona (id_zona, nombre_zona, piso, referencia) values ('Z008', 'Zona8', 4, 'pede libero quis orci nullam molestie nibh in lectus pellentesque at nulla suspendisse potenti cras in purus eu');
insert into Zona (id_zona, nombre_zona, piso, referencia) values ('Z009', 'Zona9', 3, 'velit nec nisi vulputate nonummy maecenas tincidunt lacus at velit vivamus');
insert into Zona (id_zona, nombre_zona, piso, referencia) values ('Z010', 'Zona10', 2, 'nulla sed vel enim sit amet nunc viverra dapibus nulla suscipit');
insert into Instalacion (id_instalacion, nombre_instalacion, id_zona) values ('INS001', 'Tienda 1', 'Z010');
insert into Instalacion (id_instalacion, nombre_instalacion, id_zona) values ('INS002', 'Tienda 2', 'Z004');
insert into Instalacion (id_instalacion, nombre_instalacion, id_zona) values ('INS003', 'Tienda 3', 'Z009');
insert into Instalacion (id_instalacion, nombre_instalacion, id_zona) values ('INS004', 'Tienda 4', 'Z004');
insert into Instalacion (id_instalacion, nombre_instalacion, id_zona) values ('INS005', 'Tienda 5', 'Z009');
insert into Instalacion (id_instalacion, nombre_instalacion, id_zona) values ('INS006', 'Tienda 6', 'Z008');
insert into Instalacion (id_instalacion, nombre_instalacion, id_zona) values ('INS007', 'Tienda 7', 'Z006');
insert into Instalacion (id_instalacion, nombre_instalacion, id_zona) values ('INS008', 'Tienda 8', 'Z004');
insert into Instalacion (id_instalacion, nombre_instalacion, id_zona) values ('INS009', 'Tienda 9', 'Z001');
insert into Instalacion (id_instalacion, nombre_instalacion, id_zona) values ('INS010', 'Tienda 10', 'Z003');
insert into Instalacion (id_instalacion, nombre_instalacion, id_zona) values ('INS011', 'Tienda 11', 'Z007');
insert into Instalacion (id_instalacion, nombre_instalacion, id_zona) values ('INS012', 'Tienda 12', 'Z007');
insert into Instalacion (id_instalacion, nombre_instalacion, id_zona) values ('INS013', 'Tienda 13', 'Z010');
insert into Instalacion (id_instalacion, nombre_instalacion, id_zona) values ('INS014', 'Tienda 14', 'Z009');
insert into Instalacion (id_instalacion, nombre_instalacion, id_zona) values ('INS015', 'Tienda 15', 'Z001');
insert into Instalacion (id_instalacion, nombre_instalacion, id_zona) values ('INS016', 'Tienda 16', 'Z010');
insert into Instalacion (id_instalacion, nombre_instalacion, id_zona) values ('INS017', 'Tienda 17', 'Z009');
insert into Instalacion (id_instalacion, nombre_instalacion, id_zona) values ('INS018', 'Tienda 18', 'Z002');
insert into Instalacion (id_instalacion, nombre_instalacion, id_zona) values ('INS019', 'Tienda 19', 'Z001');
insert into Instalacion (id_instalacion, nombre_instalacion, id_zona) values ('INS020', 'Tienda 20', 'Z008');
insert into Instalacion (id_instalacion, nombre_instalacion, id_zona) values ('INS021', 'Tienda 21', 'Z007');
insert into Instalacion (id_instalacion, nombre_instalacion, id_zona) values ('INS022', 'Tienda 22', 'Z008');
insert into Instalacion (id_instalacion, nombre_instalacion, id_zona) values ('INS023', 'Tienda 23', 'Z010');
insert into Instalacion (id_instalacion, nombre_instalacion, id_zona) values ('INS024', 'Tienda 24', 'Z007');
insert into Instalacion (id_instalacion, nombre_instalacion, id_zona) values ('INS025', 'Tienda 25', 'Z004');
insert into Instalacion (id_instalacion, nombre_instalacion, id_zona) values ('INS026', 'Tienda 26', 'Z005');
insert into Instalacion (id_instalacion, nombre_instalacion, id_zona) values ('INS027', 'Tienda 27', 'Z006');
insert into Instalacion (id_instalacion, nombre_instalacion, id_zona) values ('INS028', 'Tienda 28', 'Z007');
insert into Instalacion (id_instalacion, nombre_instalacion, id_zona) values ('INS029', 'Tienda 29', 'Z006');
insert into Instalacion (id_instalacion, nombre_instalacion, id_zona) values ('INS030', 'Tienda 30', 'Z001');
insert into Instalacion (id_instalacion, nombre_instalacion, id_zona) values ('INS031', 'Tienda 31', 'Z005');
insert into Instalacion (id_instalacion, nombre_instalacion, id_zona) values ('INS032', 'Tienda 32', 'Z001');
insert into Instalacion (id_instalacion, nombre_instalacion, id_zona) values ('INS033', 'Tienda 33', 'Z005');
insert into Instalacion (id_instalacion, nombre_instalacion, id_zona) values ('INS034', 'Tienda 34', 'Z007');
insert into Instalacion (id_instalacion, nombre_instalacion, id_zona) values ('INS035', 'Tienda 35', 'Z009');
insert into Instalacion (id_instalacion, nombre_instalacion, id_zona) values ('INS036', 'Tienda 36', 'Z003');
insert into Instalacion (id_instalacion, nombre_instalacion, id_zona) values ('INS037', 'Tienda 37', 'Z001');
insert into Instalacion (id_instalacion, nombre_instalacion, id_zona) values ('INS038', 'Tienda 38', 'Z002');
insert into Instalacion (id_instalacion, nombre_instalacion, id_zona) values ('INS039', 'Tienda 39', 'Z001');
insert into Instalacion (id_instalacion, nombre_instalacion, id_zona) values ('INS040', 'Tienda 40', 'Z002');
insert into Instalacion (id_instalacion, nombre_instalacion, id_zona) values ('INS041', 'Tienda 41', 'Z003');
insert into Instalacion (id_instalacion, nombre_instalacion, id_zona) values ('INS042', 'Tienda 42', 'Z008');
insert into Instalacion (id_instalacion, nombre_instalacion, id_zona) values ('INS043', 'Tienda 43', 'Z003');
insert into Instalacion (id_instalacion, nombre_instalacion, id_zona) values ('INS044', 'Tienda 44', 'Z004');
insert into Instalacion (id_instalacion, nombre_instalacion, id_zona) values ('INS045', 'Tienda 45', 'Z005');
insert into Instalacion (id_instalacion, nombre_instalacion, id_zona) values ('INS046', 'Tienda 46', 'Z002');
insert into Instalacion (id_instalacion, nombre_instalacion, id_zona) values ('INS047', 'Tienda 47', 'Z006');
insert into Instalacion (id_instalacion, nombre_instalacion, id_zona) values ('INS048', 'Tienda 48', 'Z001');
insert into Instalacion (id_instalacion, nombre_instalacion, id_zona) values ('INS049', 'Tienda 49', 'Z010');
insert into Instalacion (id_instalacion, nombre_instalacion, id_zona) values ('INS050', 'Tienda 50', 'Z006');

insert into Instalacion (id_instalacion, nombre_instalacion, id_zona) values ('INS051', 'Zona de entretenimiento', 'Z007');
insert into Instalacion (id_instalacion, nombre_instalacion, id_zona) values ('INS052', 'Zona Comun C', 'Z008');
insert into Instalacion (id_instalacion, nombre_instalacion, id_zona) values ('INS053', 'Ba単o C', 'Z004');
insert into Instalacion (id_instalacion, nombre_instalacion, id_zona) values ('INS054', 'Ba単o B', 'Z004');
insert into Instalacion (id_instalacion, nombre_instalacion, id_zona) values ('INS055', 'Zona Comun A', 'Z002');
insert into Instalacion (id_instalacion, nombre_instalacion, id_zona) values ('INS056', 'Estacionamiento', 'Z010');
insert into Instalacion (id_instalacion, nombre_instalacion, id_zona) values ('INS057', 'Ba単o A', 'Z001');
insert into Instalacion (id_instalacion, nombre_instalacion, id_zona) values ('INS058', 'Zona Bancaria', 'Z006');
insert into Instalacion (id_instalacion, nombre_instalacion, id_zona) values ('INS059', 'Zona de alimentos', 'Z005');
insert into Instalacion (id_instalacion, nombre_instalacion, id_zona) values ('INS060', 'Zona Comun B', 'Z008');
update instalacion set nombre_instalacion = 'Ba単o A' where id_instalacion = 'INS057';

-- insert registro de incidencia
insert into Registro_de_incidencia (descripcion, fecha_hora_registro, id_instalacion, id_empleado, estado) values ('natoque penatibus et magnis dis parturient montes nascetur', '2023-01-30 14:10:13', 'INS005', 'E059', 'Pendiente');
insert into Registro_de_incidencia (descripcion, fecha_hora_registro, id_instalacion, id_empleado, estado) values ('feugiat et eros vestibulum ac est lacinia nisi', '2020-03-22 12:31:25', 'INS051', 'E028', 'Pendiente');
insert into Registro_de_incidencia (descripcion, fecha_hora_registro, id_instalacion, id_empleado, estado) values ('nulla nisl nunc nisl duis bibendum felis sed interdum venenatis', '2007-10-06 09:18:17', 'INS034', 'E033', 'Programado');
insert into Registro_de_incidencia (descripcion, fecha_hora_registro, id_instalacion, id_empleado, estado) values ('id consequat in consequat ut nulla sed accumsan', '2008-07-15 15:19:24', 'INS025', 'E022', 'Programado');

insert into Registro_de_incidencia (descripcion, fecha_hora_registro, id_instalacion, id_empleado, estado) values ('vel accumsan tellus nisi eu orci mauris lacinia', '2021-01-24 16:00:57', 'INS022', 'E059', 'Programado');
insert into Registro_de_incidencia (descripcion, fecha_hora_registro, id_instalacion, id_empleado, estado) values ('duis faucibus accumsan odio curabitur convallis duis consequat dui nec nisi volutpat', '2023-09-11 18:25:29', 'INS010', 'E028', 'Programado');
insert into Registro_de_incidencia (descripcion, fecha_hora_registro, id_instalacion, id_empleado, estado) values ('augue vel accumsan tellus nisi eu orci mauris', '2015-03-11 18:56:36', 'INS022', 'E033', 'Programado');
insert into Registro_de_incidencia (descripcion, fecha_hora_registro, id_instalacion, id_empleado, estado) values ('congue eget semper rutrum nulla nunc purus phasellus', '2004-11-25 15:58:43', 'INS047', 'E049', 'Pendiente');
insert into Registro_de_incidencia (descripcion, fecha_hora_registro, id_instalacion, id_empleado, estado) values ('amet justo morbi ut odio cras mi pede malesuada in imperdiet', '2013-08-26 04:10:29', 'INS059', 'E009', 'Programado');
insert into Registro_de_incidencia (descripcion, fecha_hora_registro, id_instalacion, id_empleado, estado) values ('in tempus sit amet sem fusce consequat nulla nisl nunc', '2008-09-20 14:14:45', 'INS016', 'E002', 'Programado');
insert into Registro_de_incidencia (descripcion, fecha_hora_registro, id_instalacion, id_empleado, estado) values ('venenatis non sodales sed tincidunt eu felis fusce posuere', '2008-09-15 01:46:33', 'INS024', 'E028', 'Programado');
insert into Registro_de_incidencia (descripcion, fecha_hora_registro, id_instalacion, id_empleado, estado) values ('nec molestie sed justo pellentesque viverra pede ac diam cras', '2023-05-02 12:46:53', 'INS045', 'E009', 'Programado');
insert into Registro_de_incidencia (descripcion, fecha_hora_registro, id_instalacion, id_empleado, estado) values ('tristique in tempus sit amet sem fusce consequat nulla nisl nunc nisl', '2009-07-27 17:19:05', 'INS035', 'E022', 'Programado');
insert into Registro_de_incidencia (descripcion, fecha_hora_registro, id_instalacion, id_empleado, estado) values ('lectus pellentesque eget nunc donec quis orci eget orci vehicula', '2010-10-30 12:50:53', 'INS035', 'E028', 'Pendiente');
insert into Registro_de_incidencia (descripcion, fecha_hora_registro, id_instalacion, id_empleado, estado) values ('turpis adipiscing lorem vitae mattis nibh ligula', '2009-04-08 00:00:41', 'INS002', 'E031', 'Programado');
insert into Registro_de_incidencia (descripcion, fecha_hora_registro, id_instalacion, id_empleado, estado) values ('tortor duis mattis egestas metus aenean fermentum donec ut', '2008-05-06 16:21:21', 'INS006', 'E011', 'Programado');
insert into Registro_de_incidencia (descripcion, fecha_hora_registro, id_instalacion, id_empleado, estado) values ('amet consectetuer adipiscing elit proin interdum mauris non ligula', '2015-06-13 10:08:57', 'INS006', 'E009', 'Programado');
insert into Registro_de_incidencia (descripcion, fecha_hora_registro, id_instalacion, id_empleado, estado) values ('pede posuere nonummy integer non velit donec diam neque vestibulum', '2022-10-27 18:23:52', 'INS010', 'E031', 'Programado');
insert into Registro_de_incidencia (descripcion, fecha_hora_registro, id_instalacion, id_empleado, estado) values ('amet eleifend pede libero quis orci nullam molestie nibh in', '2009-08-24 01:47:06', 'INS040', 'E049', 'Programado');
insert into Registro_de_incidencia (descripcion, fecha_hora_registro, id_instalacion, id_empleado, estado) values ('consectetuer adipiscing elit proin risus praesent lectus vestibulum quam', '2021-08-04 05:56:10', 'INS014', 'E059', 'Programado');
insert into Registro_de_incidencia (descripcion, fecha_hora_registro, id_instalacion, id_empleado, estado) values ('integer a nibh in quis justo maecenas rhoncus aliquam', '2015-12-18 14:23:37', 'INS036', 'E033', 'Programado');
insert into Registro_de_incidencia (descripcion, fecha_hora_registro, id_instalacion, id_empleado, estado) values ('diam id ornare imperdiet sapien urna pretium nisl', '2012-10-12 22:29:47', 'INS019', 'E059', 'Programado');
insert into Registro_de_incidencia (descripcion, fecha_hora_registro, id_instalacion, id_empleado, estado) values ('sapien iaculis congue vivamus metus arcu adipiscing molestie', '2023-05-09 03:47:20', 'INS039', 'E031', 'Programado');
insert into Registro_de_incidencia (descripcion, fecha_hora_registro, id_instalacion, id_empleado, estado) values ('sollicitudin vitae consectetuer eget rutrum at lorem integer tincidunt', '2008-07-01 18:05:59', 'INS048', 'E028', 'Programado');
insert into Registro_de_incidencia (descripcion, fecha_hora_registro, id_instalacion, id_empleado, estado) values ('mauris non ligula pellentesque ultrices phasellus id', '2022-07-04 11:56:46', 'INS001', 'E022', 'Programado');
insert into Registro_de_incidencia (descripcion, fecha_hora_registro, id_instalacion, id_empleado, estado) values ('imperdiet nullam orci pede venenatis non sodales sed tincidunt eu felis', '2014-11-07 12:41:02', 'INS049', 'E009', 'Programado');
insert into Registro_de_incidencia (descripcion, fecha_hora_registro, id_instalacion, id_empleado, estado) values ('eget eros elementum pellentesque quisque porta volutpat erat quisque', '2005-12-02 07:00:26', 'INS040', 'E031', 'Pendiente');
insert into Registro_de_incidencia (descripcion, fecha_hora_registro, id_instalacion, id_empleado, estado) values ('in hac habitasse platea dictumst maecenas ut massa', '2011-08-17 22:43:59', 'INS010', 'E022', 'Programado');
insert into Registro_de_incidencia (descripcion, fecha_hora_registro, id_instalacion, id_empleado, estado) values ('condimentum id luctus nec molestie sed justo pellentesque viverra pede ac', '2004-02-27 00:25:45', 'INS002', 'E033', 'Programado');
insert into Registro_de_incidencia (descripcion, fecha_hora_registro, id_instalacion, id_empleado, estado) values ('semper sapien a libero nam dui proin leo odio porttitor', '2006-04-03 02:45:15', 'INS019', 'E028', 'Programado');
insert into Registro_de_incidencia (descripcion, fecha_hora_registro, id_instalacion, id_empleado, estado) values ('lacinia sapien quis libero nullam sit amet turpis elementum ligula', '2006-01-25 06:50:11', 'INS041', 'E011', 'Programado');
insert into Registro_de_incidencia (descripcion, fecha_hora_registro, id_instalacion, id_empleado, estado) values ('adipiscing elit proin interdum mauris non ligula', '2011-06-27 10:44:29', 'INS024', 'E011', 'Programado');
insert into Registro_de_incidencia (descripcion, fecha_hora_registro, id_instalacion, id_empleado, estado) values ('faucibus cursus urna ut tellus nulla ut erat', '2023-03-05 20:17:12', 'INS006', 'E033', 'Programado');
insert into Registro_de_incidencia (descripcion, fecha_hora_registro, id_instalacion, id_empleado, estado) values ('sit amet erat nulla tempus vivamus in', '2009-08-09 18:21:47', 'INS055', 'E002', 'Programado');
insert into Registro_de_incidencia (descripcion, fecha_hora_registro, id_instalacion, id_empleado, estado) values ('libero nam dui proin leo odio porttitor id', '2016-10-28 07:49:58', 'INS060', 'E059', 'Programado');
insert into Registro_de_incidencia (descripcion, fecha_hora_registro, id_instalacion, id_empleado, estado) values ('mauris ullamcorper purus sit amet nulla quisque arcu libero rutrum ac', '2013-12-11 20:20:17', 'INS057', 'E049', 'Programado');
insert into Registro_de_incidencia (descripcion, fecha_hora_registro, id_instalacion, id_empleado, estado) values ('aliquam sit amet diam in magna bibendum imperdiet nullam', '2011-09-28 01:15:18', 'INS019', 'E022', 'Programado');
insert into Registro_de_incidencia (descripcion, fecha_hora_registro, id_instalacion, id_empleado, estado) values ('semper rutrum nulla nunc purus phasellus in felis', '2008-06-22 01:18:08', 'INS011', 'E022', 'Programado');
insert into Registro_de_incidencia (descripcion, fecha_hora_registro, id_instalacion, id_empleado, estado) values ('ridiculus mus etiam vel augue vestibulum rutrum rutrum', '2019-12-23 20:58:05', 'INS014', 'E009', 'Programado');
insert into Registro_de_incidencia (descripcion, fecha_hora_registro, id_instalacion, id_empleado, estado) values ('malesuada in imperdiet et commodo vulputate justo in blandit ultrices enim', '2020-12-27 21:22:55', 'INS044', 'E028', 'Programado');
insert into Registro_de_incidencia (descripcion, fecha_hora_registro, id_instalacion, id_empleado, estado) values ('at nibh in hac habitasse platea dictumst aliquam augue quam sollicitudin vitae', '2019-02-01 19:42:12', 'INS058', 'E011', 'Programado');
insert into Registro_de_incidencia (descripcion, fecha_hora_registro, id_instalacion, id_empleado, estado) values ('eget elit sodales scelerisque mauris sit amet eros', '2018-01-27 01:37:26', 'INS011', 'E002', 'Pendiente');
insert into Registro_de_incidencia (descripcion, fecha_hora_registro, id_instalacion, id_empleado, estado) values ('nibh in quis justo maecenas rhoncus aliquam lacus', '2018-05-03 04:23:02', 'INS054', 'E028', 'Programado');
insert into Registro_de_incidencia (descripcion, fecha_hora_registro, id_instalacion, id_empleado, estado) values ('vestibulum ac est lacinia nisi venenatis tristique fusce congue', '2018-01-10 15:02:13', 'INS001', 'E002', 'Programado');
insert into Registro_de_incidencia (descripcion, fecha_hora_registro, id_instalacion, id_empleado, estado) values ('dolor sit amet consectetuer adipiscing elit proin', '2018-08-14 10:22:59', 'INS011', 'E009', 'Pendiente');
insert into Registro_de_incidencia (descripcion, fecha_hora_registro, id_instalacion, id_empleado, estado) values ('elit proin interdum mauris non ligula pellentesque ultrices phasellus id sapien in', '2012-05-20 20:28:31', 'INS032', 'E028', 'Pendiente');
insert into Registro_de_incidencia (descripcion, fecha_hora_registro, id_instalacion, id_empleado, estado) values ('in faucibus orci luctus et ultrices posuere cubilia curae nulla dapibus', '2006-10-31 03:27:43', 'INS007', 'E011', 'Programado');
insert into Registro_de_incidencia (descripcion, fecha_hora_registro, id_instalacion, id_empleado, estado) values ('consequat in consequat ut nulla sed accumsan felis ut at dolor quis', '2023-05-15 15:11:04', 'INS009', 'E022', 'Programado');
insert into Registro_de_incidencia (descripcion, fecha_hora_registro, id_instalacion, id_empleado, estado) values ('laoreet ut rhoncus aliquet pulvinar sed nisl nunc rhoncus dui vel sem', '2005-01-08 19:25:38', 'INS026', 'E033', 'Programado');
insert into Registro_de_incidencia (descripcion, fecha_hora_registro, id_instalacion, id_empleado, estado) values ('sit amet sapien dignissim vestibulum vestibulum ante ipsum', '2017-08-08 20:00:01', 'INS044', 'E049', 'Pendiente');
insert into Registro_de_incidencia (descripcion, fecha_hora_registro, id_instalacion, id_empleado, estado) values ('dui maecenas tristique est et tempus semper est quam', '2013-06-14 05:42:14', 'INS057', 'E011', 'Pendiente');
insert into Registro_de_incidencia (descripcion, fecha_hora_registro, id_instalacion, id_empleado, estado) values ('sapien non mi integer ac neque duis', '2010-06-02 18:45:17', 'INS028', 'E002', 'Programado');
insert into Registro_de_incidencia (descripcion, fecha_hora_registro, id_instalacion, id_empleado, estado) values ('sagittis sapien cum sociis natoque penatibus et magnis dis parturient montes nascetur', '2017-01-14 19:52:52', 'INS053', 'E049', 'Programado');
insert into Registro_de_incidencia (descripcion, fecha_hora_registro, id_instalacion, id_empleado, estado) values ('viverra eget congue eget semper rutrum nulla nunc purus phasellus', '2019-03-07 03:11:52', 'INS026', 'E028', 'Programado');
insert into Registro_de_incidencia (descripcion, fecha_hora_registro, id_instalacion, id_empleado, estado) values ('in eleifend quam a odio in hac', '2018-12-08 02:54:10', 'INS015', 'E002', 'Programado');
insert into Registro_de_incidencia (descripcion, fecha_hora_registro, id_instalacion, id_empleado, estado) values ('orci mauris lacinia sapien quis libero nullam sit amet turpis elementum', '2009-02-26 15:43:06', 'INS001', 'E009', 'Pendiente');
insert into Registro_de_incidencia (descripcion, fecha_hora_registro, id_instalacion, id_empleado, estado) values ('odio elementum eu interdum eu tincidunt in leo maecenas', '2009-02-21 16:37:19', 'INS045', 'E033', 'Programado');
insert into Registro_de_incidencia (descripcion, fecha_hora_registro, id_instalacion, id_empleado, estado) values ('nam ultrices libero non mattis pulvinar nulla pede ullamcorper augue', '2023-09-01 12:53:26', 'INS020', 'E049', 'Programado');
insert into Registro_de_incidencia (descripcion, fecha_hora_registro, id_instalacion, id_empleado, estado) values ('cubilia curae nulla dapibus dolor vel est donec odio', '2012-12-13 05:12:24', 'INS026', 'E022', 'Programado');
insert into Registro_de_incidencia (descripcion, fecha_hora_registro, id_instalacion, id_empleado, estado) values ('in quam fringilla rhoncus mauris enim leo rhoncus sed vestibulum sit', '2020-02-09 12:55:01', 'INS030', 'E009', 'Programado');
insert into Registro_de_incidencia (descripcion, fecha_hora_registro, id_instalacion, id_empleado, estado) values ('lacus at turpis donec posuere metus vitae ipsum aliquam non', '2017-05-09 05:02:12', 'INS022', 'E028', 'Programado');
insert into Registro_de_incidencia (descripcion, fecha_hora_registro, id_instalacion, id_empleado, estado) values ('erat curabitur gravida nisi at nibh in hac habitasse platea', '2018-04-22 03:03:53', 'INS049', 'E059', 'Programado');
insert into Registro_de_incidencia (descripcion, fecha_hora_registro, id_instalacion, id_empleado, estado) values ('nulla justo aliquam quis turpis eget elit', '2008-10-22 07:02:56', 'INS058', 'E011', 'Programado');
insert into Registro_de_incidencia (descripcion, fecha_hora_registro, id_instalacion, id_empleado, estado) values ('in hac habitasse platea dictumst morbi vestibulum velit id pretium', '2021-01-03 16:49:26', 'INS060', 'E033', 'Programado');
insert into Registro_de_incidencia (descripcion, fecha_hora_registro, id_instalacion, id_empleado, estado) values ('elementum in hac habitasse platea dictumst morbi', '2011-02-08 08:19:03', 'INS029', 'E011', 'Programado');
insert into Registro_de_incidencia (descripcion, fecha_hora_registro, id_instalacion, id_empleado, estado) values ('suspendisse accumsan tortor quis turpis sed ante vivamus tortor duis mattis', '2008-10-03 15:39:19', 'INS025', 'E002', 'Programado');
insert into Registro_de_incidencia (descripcion, fecha_hora_registro, id_instalacion, id_empleado, estado) values ('amet nunc viverra dapibus nulla suscipit ligula', '2020-04-03 17:52:43', 'INS045', 'E031', 'Programado');
insert into Registro_de_incidencia (descripcion, fecha_hora_registro, id_instalacion, id_empleado, estado) values ('lectus pellentesque at nulla suspendisse potenti cras in purus eu magna vulputate', '2014-08-10 07:44:00', 'INS056', 'E009', 'Programado');
insert into Registro_de_incidencia (descripcion, fecha_hora_registro, id_instalacion, id_empleado, estado) values ('donec ut dolor morbi vel lectus in quam', '2013-03-12 08:03:06', 'INS003', 'E022', 'Programado');
insert into Registro_de_incidencia (descripcion, fecha_hora_registro, id_instalacion, id_empleado, estado) values ('laoreet ut rhoncus aliquet pulvinar sed nisl nunc', '2007-10-20 05:16:51', 'INS035', 'E009', 'Programado');
insert into Registro_de_incidencia (descripcion, fecha_hora_registro, id_instalacion, id_empleado, estado) values ('nulla nunc purus phasellus in felis donec semper sapien a libero', '2019-10-19 13:02:39', 'INS042', 'E011', 'Programado');
insert into Registro_de_incidencia (descripcion, fecha_hora_registro, id_instalacion, id_empleado, estado) values ('vivamus vestibulum sagittis sapien cum sociis natoque penatibus et', '2009-06-08 22:54:55', 'INS049', 'E031', 'Programado');
insert into Registro_de_incidencia (descripcion, fecha_hora_registro, id_instalacion, id_empleado, estado) values ('aenean lectus pellentesque eget nunc donec quis', '2013-12-07 03:00:47', 'INS038', 'E002', 'Programado');
insert into Registro_de_incidencia (descripcion, fecha_hora_registro, id_instalacion, id_empleado, estado) values ('augue luctus tincidunt nulla mollis molestie lorem quisque ut erat', '2010-08-10 12:12:18', 'INS060', 'E049', 'Programado');
insert into Registro_de_incidencia (descripcion, fecha_hora_registro, id_instalacion, id_empleado, estado) values ('et ultrices posuere cubilia curae mauris viverra', '2015-07-08 07:24:07', 'INS032', 'E031', 'Programado');
insert into Registro_de_incidencia (descripcion, fecha_hora_registro, id_instalacion, id_empleado, estado) values ('platea dictumst maecenas ut massa quis augue luctus tincidunt nulla mollis', '2011-07-15 20:11:37', 'INS043', 'E059', 'Programado');
insert into Registro_de_incidencia (descripcion, fecha_hora_registro, id_instalacion, id_empleado, estado) values ('dapibus augue vel accumsan tellus nisi eu orci mauris lacinia sapien', '2013-04-16 10:05:11', 'INS055', 'E009', 'Pendiente');
insert into Registro_de_incidencia (descripcion, fecha_hora_registro, id_instalacion, id_empleado, estado) values ('in tempus sit amet sem fusce consequat nulla nisl nunc nisl duis', '2013-04-01 02:00:38', 'INS046', 'E009', 'Pendiente');
insert into Registro_de_incidencia (descripcion, fecha_hora_registro, id_instalacion, id_empleado, estado) values ('nascetur ridiculus mus etiam vel augue vestibulum rutrum rutrum neque', '2015-05-18 17:00:26', 'INS058', 'E002', 'Programado');
insert into Registro_de_incidencia (descripcion, fecha_hora_registro, id_instalacion, id_empleado, estado) values ('sed lacus morbi sem mauris laoreet ut rhoncus aliquet pulvinar sed', '2008-08-30 21:30:14', 'INS023', 'E033', 'Programado');
insert into Registro_de_incidencia (descripcion, fecha_hora_registro, id_instalacion, id_empleado, estado) values ('sapien cum sociis natoque penatibus et magnis dis parturient montes nascetur', '2005-09-30 00:35:36', 'INS043', 'E033', 'Programado');
insert into Registro_de_incidencia (descripcion, fecha_hora_registro, id_instalacion, id_empleado, estado) values ('ut ultrices vel augue vestibulum ante ipsum primis in faucibus orci', '2009-09-15 15:22:10', 'INS035', 'E031', 'Programado');
insert into Registro_de_incidencia (descripcion, fecha_hora_registro, id_instalacion, id_empleado, estado) values ('scelerisque quam turpis adipiscing lorem vitae mattis nibh ligula nec sem', '2005-05-11 02:35:50', 'INS036', 'E022', 'Programado');
insert into Registro_de_incidencia (descripcion, fecha_hora_registro, id_instalacion, id_empleado, estado) values ('nunc proin at turpis a pede posuere nonummy integer non velit donec', '2022-02-09 05:51:27', 'INS029', 'E028', 'Programado');
insert into Registro_de_incidencia (descripcion, fecha_hora_registro, id_instalacion, id_empleado, estado) values ('aliquam lacus morbi quis tortor id nulla ultrices aliquet maecenas', '2007-04-02 02:27:16', 'INS013', 'E022', 'Programado');
insert into Registro_de_incidencia (descripcion, fecha_hora_registro, id_instalacion, id_empleado, estado) values ('lacus purus aliquet at feugiat non pretium quis lectus', '2016-07-27 09:44:08', 'INS007', 'E049', 'Programado');
insert into Registro_de_incidencia (descripcion, fecha_hora_registro, id_instalacion, id_empleado, estado) values ('non ligula pellentesque ultrices phasellus id sapien in sapien iaculis congue vivamus', '2012-08-20 17:51:32', 'INS049', 'E002', 'Programado');
insert into Registro_de_incidencia (descripcion, fecha_hora_registro, id_instalacion, id_empleado, estado) values ('semper sapien a libero nam dui proin', '2018-05-23 22:41:32', 'INS016', 'E002', 'Programado');
insert into Registro_de_incidencia (descripcion, fecha_hora_registro, id_instalacion, id_empleado, estado) values ('ultrices aliquet maecenas leo odio condimentum id luctus', '2010-12-05 06:41:52', 'INS055', 'E022', 'Programado');
insert into Registro_de_incidencia (descripcion, fecha_hora_registro, id_instalacion, id_empleado, estado) values ('tellus nulla ut erat id mauris vulputate elementum nullam', '2013-05-31 08:11:52', 'INS060', 'E002', 'Programado');
insert into Registro_de_incidencia (descripcion, fecha_hora_registro, id_instalacion, id_empleado, estado) values ('id ornare imperdiet sapien urna pretium nisl', '2006-08-27 02:21:56', 'INS057', 'E059', 'Programado');
insert into Registro_de_incidencia (descripcion, fecha_hora_registro, id_instalacion, id_empleado, estado) values ('id massa id nisl venenatis lacinia aenean', '2021-09-10 00:24:31', 'INS019', 'E028', 'Programado');
insert into Registro_de_incidencia (descripcion, fecha_hora_registro, id_instalacion, id_empleado, estado) values ('sit amet nunc viverra dapibus nulla suscipit ligula', '2021-08-10 07:33:13', 'INS038', 'E028', 'Programado');
insert into Registro_de_incidencia (descripcion, fecha_hora_registro, id_instalacion, id_empleado, estado) values ('nulla sed vel enim sit amet nunc', '2010-11-19 18:50:10', 'INS017', 'E002', 'Programado');
insert into Registro_de_incidencia (descripcion, fecha_hora_registro, id_instalacion, id_empleado, estado) values ('nulla mollis molestie lorem quisque ut erat', '2006-12-16 14:26:42', 'INS042', 'E033', 'Programado');
insert into Registro_de_incidencia (descripcion, fecha_hora_registro, id_instalacion, id_empleado, estado) values ('amet consectetuer adipiscing elit proin risus praesent lectus vestibulum quam sapien', '2010-07-28 22:00:25', 'INS005', 'E033', 'Programado');
insert into Registro_de_incidencia (descripcion, fecha_hora_registro, id_instalacion, id_empleado, estado) values ('phasellus id sapien in sapien iaculis congue vivamus metus arcu adipiscing', '2009-08-24 16:39:17', 'INS040', 'E011', 'Programado');
insert into Registro_de_incidencia (descripcion, fecha_hora_registro, id_instalacion, id_empleado, estado) values ('ut massa volutpat convallis morbi odio odio', '2013-02-24 20:39:30', 'INS027', 'E031', 'Programado');
insert into Registro_de_incidencia (descripcion, fecha_hora_registro, id_instalacion, id_empleado, estado) values ('integer pede justo lacinia eget tincidunt eget', '2024-07-12 04:47:56', 'INS008', 'E009', 'Programado');
insert into Registro_de_incidencia (descripcion, fecha_hora_registro, id_instalacion, id_empleado, estado) values ('vulputate nonummy maecenas tincidunt lacus at velit vivamus', '2006-09-18 03:38:13', 'INS052', 'E031', 'Programado');

--- insert programacion de mantenimientos
insert into Program_Mantenimiento (descripcion, plazo, id_instalacion, cod_incidencia, id_encargado, estado, prioridad) values ('non sodales sed tincidunt eu felis fusce', '2014-01-28', 'INS003', 75, 'E033', 'Hecho', 'I4');
insert into Program_Mantenimiento (descripcion, plazo, id_instalacion, cod_incidencia, id_encargado, estado, prioridad) values ('commodo vulputate justo in blandit ultrices enim lorem ipsum dolor', '2005-09-22', 'INS056', 36, 'E011', 'Pendiente', 'I1');
insert into Program_Mantenimiento (descripcion, plazo, id_instalacion, cod_incidencia, id_encargado, estado, prioridad) values ('etiam justo etiam pretium iaculis justo in hac habitasse platea dictumst', '2020-04-04', 'INS022', 38, 'E049', 'Hecho', 'I1');
insert into Program_Mantenimiento (descripcion, plazo, id_instalacion, cod_incidencia, id_encargado, estado, prioridad) values ('quis libero nullam sit amet turpis elementum ligula vehicula consequat', '2020-06-20', 'INS022', 94, 'E031', 'Pendiente', 'I2');
insert into Program_Mantenimiento (descripcion, plazo, id_instalacion, cod_incidencia, id_encargado, estado, prioridad) values ('luctus ultricies eu nibh quisque id justo sit amet', '2020-10-21', 'INS046', 68, 'E028', 'Pendiente', 'I2');
insert into Program_Mantenimiento (descripcion, plazo, id_instalacion, cod_incidencia, id_encargado, estado, prioridad) values ('lacus at velit vivamus vel nulla eget', '2017-12-13', 'INS010', 52, 'E022', 'Pendiente', 'I2');
insert into Program_Mantenimiento (descripcion, plazo, id_instalacion, cod_incidencia, id_encargado, estado, prioridad) values ('nulla suscipit ligula in lacus curabitur at ipsum ac tellus semper interdum', '2022-05-02', 'INS007', 92, 'E059', 'Hecho', 'I3');
insert into Program_Mantenimiento (descripcion, plazo, id_instalacion, cod_incidencia, id_encargado, estado, prioridad) values ('convallis nulla neque libero convallis eget eleifend luctus ultricies eu', '2005-05-18', 'INS028', 54, 'E002', 'Hecho', 'I4');
insert into Program_Mantenimiento (descripcion, plazo, id_instalacion, cod_incidencia, id_encargado, estado, prioridad) values ('turpis enim blandit mi in porttitor pede justo eu massa donec dapibus', '2023-11-29', 'INS058', 51, 'E011', 'Hecho', 'I2');
insert into Program_Mantenimiento (descripcion, plazo, id_instalacion, cod_incidencia, id_encargado, estado, prioridad) values ('ipsum ac tellus semper interdum mauris ullamcorper purus sit amet nulla', '2009-09-18', 'INS037', 61, 'E011', 'Pendiente', 'I2');
insert into Program_Mantenimiento (descripcion, plazo, id_instalacion, cod_incidencia, id_encargado, estado, prioridad) values ('quis odio consequat varius integer ac leo', '2004-07-02', 'INS010', 47, 'E031', 'Hecho', 'I3');
insert into Program_Mantenimiento (descripcion, plazo, id_instalacion, cod_incidencia, id_encargado, estado, prioridad) values ('est quam pharetra magna ac consequat metus sapien ut nunc vestibulum ante', '2013-06-18', 'INS045', 55, 'E031', 'Pendiente', 'I3');
insert into Program_Mantenimiento (descripcion, plazo, id_instalacion, cod_incidencia, id_encargado, estado, prioridad) values ('aenean fermentum donec ut mauris eget massa tempor convallis', '2016-07-01', 'INS037', 58, 'E059', 'Pendiente', 'I3');
insert into Program_Mantenimiento (descripcion, plazo, id_instalacion, cod_incidencia, id_encargado, estado, prioridad) values ('tristique fusce congue diam id ornare imperdiet sapien urna', '2016-01-07', 'INS008', 88, 'E009', 'Hecho', 'I2');
insert into Program_Mantenimiento (descripcion, plazo, id_instalacion, cod_incidencia, id_encargado, estado, prioridad) values ('nisi at nibh in hac habitasse platea', '2011-12-01', 'INS030', 23, 'E059', 'Hecho', 'I3');
insert into Program_Mantenimiento (descripcion, plazo, id_instalacion, cod_incidencia, id_encargado, estado, prioridad) values ('viverra pede ac diam cras pellentesque volutpat dui maecenas tristique est', '2017-04-19', 'INS041', 42, 'E009', 'Pendiente', 'I1');
insert into Program_Mantenimiento (descripcion, plazo, id_instalacion, cod_incidencia, id_encargado, estado, prioridad) values ('lorem id ligula suspendisse ornare consequat lectus in est risus auctor sed', '2006-02-20', 'INS009', 20, 'E011', 'Hecho', 'I2');
insert into Program_Mantenimiento (descripcion, plazo, id_instalacion, cod_incidencia, id_encargado, estado, prioridad) values ('nulla suspendisse potenti cras in purus eu magna vulputate luctus cum sociis', '2019-01-28', 'INS044', 40, 'E049', 'Hecho', 'I4');
insert into Program_Mantenimiento (descripcion, plazo, id_instalacion, cod_incidencia, id_encargado, estado, prioridad) values ('sapien quis libero nullam sit amet turpis elementum', '2012-04-22', 'INS003', 55, 'E028', 'Hecho', 'I2');
insert into Program_Mantenimiento (descripcion, plazo, id_instalacion, cod_incidencia, id_encargado, estado, prioridad) values ('id sapien in sapien iaculis congue vivamus metus arcu adipiscing molestie hendrerit', '2023-06-06', 'INS037', 33, 'E049', 'Pendiente', 'I2');
insert into Program_Mantenimiento (descripcion, plazo, id_instalacion, cod_incidencia, id_encargado, estado, prioridad) values ('pede venenatis non sodales sed tincidunt eu felis fusce posuere', '2021-01-24', 'INS018', 74, 'E059', 'Pendiente', 'I1');
insert into Program_Mantenimiento (descripcion, plazo, id_instalacion, cod_incidencia, id_encargado, estado, prioridad) values ('et ultrices posuere cubilia curae donec pharetra magna vestibulum aliquet ultrices', '2024-03-03', 'INS027', 74, 'E002', 'Pendiente', 'I4');
insert into Program_Mantenimiento (descripcion, plazo, id_instalacion, cod_incidencia, id_encargado, estado, prioridad) values ('nunc commodo placerat praesent blandit nam nulla integer pede justo', '2006-12-11', 'INS002', 59, 'E033', 'Hecho', 'I4');
insert into Program_Mantenimiento (descripcion, plazo, id_instalacion, cod_incidencia, id_encargado, estado, prioridad) values ('blandit nam nulla integer pede justo lacinia eget tincidunt eget', '2021-02-03', 'INS055', 71, 'E031', 'Hecho', 'I4');
insert into Program_Mantenimiento (descripcion, plazo, id_instalacion, cod_incidencia, id_encargado, estado, prioridad) values ('primis in faucibus orci luctus et ultrices posuere cubilia curae duis faucibus', '2005-04-12', 'INS055', 90, 'E022', 'Hecho', 'I2');
insert into Program_Mantenimiento (descripcion, plazo, id_instalacion, cod_incidencia, id_encargado, estado, prioridad) values ('lacus curabitur at ipsum ac tellus semper interdum mauris', '2016-01-29', 'INS034', 13, 'E022', 'Pendiente', 'I1');
insert into Program_Mantenimiento (descripcion, plazo, id_instalacion, cod_incidencia, id_encargado, estado, prioridad) values ('purus phasellus in felis donec semper sapien a libero', '2012-08-16', 'INS029', 20, 'E011', 'Pendiente', 'I2');
insert into Program_Mantenimiento (descripcion, plazo, id_instalacion, cod_incidencia, id_encargado, estado, prioridad) values ('nunc nisl duis bibendum felis sed interdum venenatis turpis enim', '2012-09-04', 'INS018', 23, 'E002', 'Pendiente', 'I3');
insert into Program_Mantenimiento (descripcion, plazo, id_instalacion, cod_incidencia, id_encargado, estado, prioridad) values ('iaculis congue vivamus metus arcu adipiscing molestie hendrerit at vulputate vitae nisl', '2004-06-25', 'INS019', 105, 'E059', 'Hecho', 'I2');
insert into Program_Mantenimiento (descripcion, plazo, id_instalacion, cod_incidencia, id_encargado, estado, prioridad) values ('tellus nulla ut erat id mauris vulputate elementum', '2012-10-14', 'INS020', 76, 'E022', 'Pendiente', 'I3');
insert into Program_Mantenimiento (descripcion, plazo, id_instalacion, cod_incidencia, id_encargado, estado, prioridad) values ('nam nulla integer pede justo lacinia eget tincidunt eget', '2006-08-10', 'INS045', 94, 'E031', 'Pendiente', 'I1');
insert into Program_Mantenimiento (descripcion, plazo, id_instalacion, cod_incidencia, id_encargado, estado, prioridad) values ('sem sed sagittis nam congue risus semper porta volutpat quam pede lobortis', '2006-10-23', 'INS012', 48, 'E011', 'Pendiente', 'I1');
insert into Program_Mantenimiento (descripcion, plazo, id_instalacion, cod_incidencia, id_encargado, estado, prioridad) values ('nulla nisl nunc nisl duis bibendum felis', '2012-08-20', 'INS031', 95, 'E028', 'Pendiente', 'I3');
insert into Program_Mantenimiento (descripcion, plazo, id_instalacion, cod_incidencia, id_encargado, estado, prioridad) values ('interdum eu tincidunt in leo maecenas pulvinar lobortis est', '2008-05-08', 'INS012', 29, 'E033', 'Pendiente', 'I4');
insert into Program_Mantenimiento (descripcion, plazo, id_instalacion, cod_incidencia, id_encargado, estado, prioridad) values ('faucibus orci luctus et ultrices posuere cubilia curae donec pharetra', '2016-02-16', 'INS054', 26, 'E022', 'Pendiente', 'I4');
insert into Program_Mantenimiento (descripcion, plazo, id_instalacion, cod_incidencia, id_encargado, estado, prioridad) values ('nulla sed vel enim sit amet nunc viverra dapibus', '2019-06-28', 'INS035', 14, 'E033', 'Hecho', 'I1');
insert into Program_Mantenimiento (descripcion, plazo, id_instalacion, cod_incidencia, id_encargado, estado, prioridad) values ('volutpat erat quisque erat eros viverra eget congue', '2011-02-13', 'INS009', 78, 'E059', 'Pendiente', 'I2');
insert into Program_Mantenimiento (descripcion, plazo, id_instalacion, cod_incidencia, id_encargado, estado, prioridad) values ('vulputate elementum nullam varius nulla facilisi cras non velit nec nisi vulputate', '2016-03-30', 'INS030', 76, 'E031', 'Pendiente', 'I2');
insert into Program_Mantenimiento (descripcion, plazo, id_instalacion, cod_incidencia, id_encargado, estado, prioridad) values ('magnis dis parturient montes nascetur ridiculus mus etiam vel augue', '2014-07-28', 'INS022', 17, 'E033', 'Pendiente', 'I1');
insert into Program_Mantenimiento (descripcion, plazo, id_instalacion, cod_incidencia, id_encargado, estado, prioridad) values ('lacinia eget tincidunt eget tempus vel pede', '2004-06-23', 'INS050', 18, 'E002', 'Hecho', 'I1');
insert into Program_Mantenimiento (descripcion, plazo, id_instalacion, cod_incidencia, id_encargado, estado, prioridad) values ('quam suspendisse potenti nullam porttitor lacus at turpis donec posuere metus', '2022-03-16', 'INS003', 75, 'E033', 'Hecho', 'I1');
insert into Program_Mantenimiento (descripcion, plazo, id_instalacion, cod_incidencia, id_encargado, estado, prioridad) values ('aliquam augue quam sollicitudin vitae consectetuer eget rutrum at lorem integer tincidunt', '2015-05-29', 'INS029', 71, 'E022', 'Hecho', 'I4');
insert into Program_Mantenimiento (descripcion, plazo, id_instalacion, cod_incidencia, id_encargado, estado, prioridad) values ('amet nulla quisque arcu libero rutrum ac', '2010-04-22', 'INS028', 75, 'E011', 'Pendiente', 'I4');
insert into Program_Mantenimiento (descripcion, plazo, id_instalacion, cod_incidencia, id_encargado, estado, prioridad) values ('nisi nam ultrices libero non mattis pulvinar nulla pede', '2012-02-15', 'INS028', 20, 'E031', 'Hecho', 'I2');
insert into Program_Mantenimiento (descripcion, plazo, id_instalacion, cod_incidencia, id_encargado, estado, prioridad) values ('elementum in hac habitasse platea dictumst morbi vestibulum velit id', '2014-06-11', 'INS030', 102, 'E022', 'Hecho', 'I2');
insert into Program_Mantenimiento (descripcion, plazo, id_instalacion, cod_incidencia, id_encargado, estado, prioridad) values ('nec euismod scelerisque quam turpis adipiscing lorem vitae mattis nibh ligula nec', '2005-05-24', 'INS010', 102, 'E009', 'Pendiente', 'I1');
insert into Program_Mantenimiento (descripcion, plazo, id_instalacion, cod_incidencia, id_encargado, estado, prioridad) values ('sollicitudin mi sit amet lobortis sapien sapien non mi integer ac', '2004-12-20', 'INS015', 87, 'E011', 'Pendiente', 'I1');
insert into Program_Mantenimiento (descripcion, plazo, id_instalacion, cod_incidencia, id_encargado, estado, prioridad) values ('mi in porttitor pede justo eu massa', '2019-12-30', 'INS055', 46, 'E009', 'Hecho', 'I1');
insert into Program_Mantenimiento (descripcion, plazo, id_instalacion, cod_incidencia, id_encargado, estado, prioridad) values ('integer ac leo pellentesque ultrices mattis odio donec vitae nisi nam', '2021-08-15', 'INS003', 21, 'E049', 'Pendiente', 'I3');
insert into Program_Mantenimiento (descripcion, plazo, id_instalacion, cod_incidencia, id_encargado, estado, prioridad) values ('tempus vivamus in felis eu sapien cursus vestibulum proin', '2007-06-04', 'INS044', 28, 'E033', 'Hecho', 'I4');
insert into Program_Mantenimiento (descripcion, plazo, id_instalacion, cod_incidencia, id_encargado, estado, prioridad) values ('vivamus vel nulla eget eros elementum pellentesque quisque porta volutpat', '2011-10-27', 'INS054', 78, 'E002', 'Hecho', 'I4');
insert into Program_Mantenimiento (descripcion, plazo, id_instalacion, cod_incidencia, id_encargado, estado, prioridad) values ('curabitur convallis duis consequat dui nec nisi volutpat eleifend donec', '2011-06-17', 'INS048', 47, 'E049', 'Hecho', 'I3');
insert into Program_Mantenimiento (descripcion, plazo, id_instalacion, cod_incidencia, id_encargado, estado, prioridad) values ('ante vestibulum ante ipsum primis in faucibus orci luctus et', '2012-03-22', 'INS017', 102, 'E009', 'Pendiente', 'I3');
insert into Program_Mantenimiento (descripcion, plazo, id_instalacion, cod_incidencia, id_encargado, estado, prioridad) values ('vitae ipsum aliquam non mauris morbi non lectus aliquam sit', '2010-06-13', 'INS028', 42, 'E033', 'Hecho', 'I4');
insert into Program_Mantenimiento (descripcion, plazo, id_instalacion, cod_incidencia, id_encargado, estado, prioridad) values ('tempus sit amet sem fusce consequat nulla nisl', '2014-04-27', 'INS058', 52, 'E049', 'Hecho', 'I3');
insert into Program_Mantenimiento (descripcion, plazo, id_instalacion, cod_incidencia, id_encargado, estado, prioridad) values ('in consequat ut nulla sed accumsan felis ut at', '2010-09-22', 'INS046', 68, 'E031', 'Pendiente', 'I3');
insert into Program_Mantenimiento (descripcion, plazo, id_instalacion, cod_incidencia, id_encargado, estado, prioridad) values ('maecenas rhoncus aliquam lacus morbi quis tortor id', '2021-08-27', 'INS036', 46, 'E031', 'Hecho', 'I4');
insert into Program_Mantenimiento (descripcion, plazo, id_instalacion, cod_incidencia, id_encargado, estado, prioridad) values ('sapien sapien non mi integer ac neque duis bibendum morbi', '2010-09-05', 'INS015', 38, 'E011', 'Hecho', 'I3');
insert into Program_Mantenimiento (descripcion, plazo, id_instalacion, cod_incidencia, id_encargado, estado, prioridad) values ('eros viverra eget congue eget semper rutrum nulla', '2013-03-12', 'INS001', 86, 'E049', 'Pendiente', 'I4');
insert into Program_Mantenimiento (descripcion, plazo, id_instalacion, cod_incidencia, id_encargado, estado, prioridad) values ('arcu sed augue aliquam erat volutpat in congue etiam justo etiam', '2005-08-09', 'INS033', 102, 'E049', 'Pendiente', 'I1');
insert into Program_Mantenimiento (descripcion, plazo, id_instalacion, cod_incidencia, id_encargado, estado, prioridad) values ('amet nulla quisque arcu libero rutrum ac', '2013-05-25', 'INS023', 77, 'E049', 'Pendiente', 'I4');
insert into Program_Mantenimiento (descripcion, plazo, id_instalacion, cod_incidencia, id_encargado, estado, prioridad) values ('in blandit ultrices enim lorem ipsum dolor sit amet consectetuer adipiscing elit', '2009-04-12', 'INS040', 42, 'E033', 'Pendiente', 'I4');
insert into Program_Mantenimiento (descripcion, plazo, id_instalacion, cod_incidencia, id_encargado, estado, prioridad) values ('curabitur at ipsum ac tellus semper interdum mauris ullamcorper purus sit', '2020-07-05', 'INS013', 57, 'E033', 'Pendiente', 'I3');
insert into Program_Mantenimiento (descripcion, plazo, id_instalacion, cod_incidencia, id_encargado, estado, prioridad) values ('pulvinar lobortis est phasellus sit amet erat', '2022-11-04', 'INS054', 35, 'E059', 'Pendiente', 'I3');
insert into Program_Mantenimiento (descripcion, plazo, id_instalacion, cod_incidencia, id_encargado, estado, prioridad) values ('nisl duis ac nibh fusce lacus purus aliquet at feugiat', '2003-12-06', 'INS031', 62, 'E033', 'Pendiente', 'I2');
insert into Program_Mantenimiento (descripcion, plazo, id_instalacion, cod_incidencia, id_encargado, estado, prioridad) values ('consequat morbi a ipsum integer a nibh in quis justo maecenas rhoncus', '2005-03-15', 'INS023', 94, 'E028', 'Pendiente', 'I4');
insert into Program_Mantenimiento (descripcion, plazo, id_instalacion, cod_incidencia, id_encargado, estado, prioridad) values ('et commodo vulputate justo in blandit ultrices enim', '2023-09-01', 'INS019', 28, 'E002', 'Pendiente', 'I4');
insert into Program_Mantenimiento (descripcion, plazo, id_instalacion, cod_incidencia, id_encargado, estado, prioridad) values ('dapibus nulla suscipit ligula in lacus curabitur at ipsum ac', '2010-11-07', 'INS060', 75, 'E011', 'Hecho', 'I1');
insert into Program_Mantenimiento (descripcion, plazo, id_instalacion, cod_incidencia, id_encargado, estado, prioridad) values ('morbi porttitor lorem id ligula suspendisse ornare consequat lectus in est', '2006-09-28', 'INS035', 60, 'E009', 'Hecho', 'I3');
insert into Program_Mantenimiento (descripcion, plazo, id_instalacion, cod_incidencia, id_encargado, estado, prioridad) values ('consectetuer adipiscing elit proin risus praesent lectus vestibulum', '2004-10-08', 'INS037', 42, 'E033', 'Hecho', 'I1');
insert into Program_Mantenimiento (descripcion, plazo, id_instalacion, cod_incidencia, id_encargado, estado, prioridad) values ('dolor morbi vel lectus in quam fringilla rhoncus mauris', '2014-01-10', 'INS029', 81, 'E049', 'Hecho', 'I4');
insert into Program_Mantenimiento (descripcion, plazo, id_instalacion, cod_incidencia, id_encargado, estado, prioridad) values ('massa tempor convallis nulla neque libero convallis eget eleifend luctus', '2019-04-29', 'INS016', 14, 'E033', 'Pendiente', 'I4');
insert into Program_Mantenimiento (descripcion, plazo, id_instalacion, cod_incidencia, id_encargado, estado, prioridad) values ('quam sollicitudin vitae consectetuer eget rutrum at', '2017-06-04', 'INS006', 18, 'E011', 'Hecho', 'I2');
insert into Program_Mantenimiento (descripcion, plazo, id_instalacion, cod_incidencia, id_encargado, estado, prioridad) values ('vel lectus in quam fringilla rhoncus mauris enim', '2019-09-01', 'INS035', 28, 'E002', 'Hecho', 'I3');
insert into Program_Mantenimiento (descripcion, plazo, id_instalacion, cod_incidencia, id_encargado, estado, prioridad) values ('eu nibh quisque id justo sit amet', '2017-09-11', 'INS007', 100, 'E011', 'Pendiente', 'I1');
insert into Program_Mantenimiento (descripcion, plazo, id_instalacion, cod_incidencia, id_encargado, estado, prioridad) values ('dui proin leo odio porttitor id consequat in consequat ut', '2019-06-11', 'INS046', 71, 'E049', 'Hecho', 'I3');
insert into Program_Mantenimiento (descripcion, plazo, id_instalacion, cod_incidencia, id_encargado, estado, prioridad) values ('vestibulum sed magna at nunc commodo placerat', '2017-06-25', 'INS001', 52, 'E033', 'Hecho', 'I3');
insert into Program_Mantenimiento (descripcion, plazo, id_instalacion, cod_incidencia, id_encargado, estado, prioridad) values ('velit vivamus vel nulla eget eros elementum', '2015-12-20', 'INS057', 85, 'E011', 'Pendiente', 'I3');
insert into Program_Mantenimiento (descripcion, plazo, id_instalacion, cod_incidencia, id_encargado, estado, prioridad) values ('justo eu massa donec dapibus duis at velit', '2009-07-25', 'INS004', 38, 'E049', 'Hecho', 'I1');
insert into Program_Mantenimiento (descripcion, plazo, id_instalacion, cod_incidencia, id_encargado, estado, prioridad) values ('nunc commodo placerat praesent blandit nam nulla integer', '2015-03-22', 'INS001', 38, 'E031', 'Hecho', 'I3');
insert into Program_Mantenimiento (descripcion, plazo, id_instalacion, cod_incidencia, id_encargado, estado, prioridad) values ('potenti nullam porttitor lacus at turpis donec posuere metus', '2016-06-15', 'INS018', 93, 'E009', 'Pendiente', 'I4');
insert into Program_Mantenimiento (descripcion, plazo, id_instalacion, cod_incidencia, id_encargado, estado, prioridad) values ('volutpat dui maecenas tristique est et tempus semper', '2024-09-27', 'INS012', 75, 'E059', 'Pendiente', 'I4');
insert into Program_Mantenimiento (descripcion, plazo, id_instalacion, cod_incidencia, id_encargado, estado, prioridad) values ('lobortis ligula sit amet eleifend pede libero quis orci nullam molestie nibh', '2011-07-15', 'INS054', 87, 'E022', 'Pendiente', 'I1');
insert into Program_Mantenimiento (descripcion, plazo, id_instalacion, cod_incidencia, id_encargado, estado, prioridad) values ('in lacus curabitur at ipsum ac tellus', '2005-06-01', 'INS030', 79, 'E031', 'Hecho', 'I3');
insert into Program_Mantenimiento (descripcion, plazo, id_instalacion, cod_incidencia, id_encargado, estado, prioridad) values ('lacinia eget tincidunt eget tempus vel pede morbi', '2024-02-14', 'INS051', 15, 'E002', 'Pendiente', 'I2');
insert into Program_Mantenimiento (descripcion, plazo, id_instalacion, cod_incidencia, id_encargado, estado, prioridad) values ('congue diam id ornare imperdiet sapien urna pretium', '2021-04-27', 'INS003', 54, 'E011', 'Pendiente', 'I1');
insert into Program_Mantenimiento (descripcion, plazo, id_instalacion, cod_incidencia, id_encargado, estado, prioridad) values ('gravida sem praesent id massa id nisl venenatis lacinia aenean sit', '2018-10-23', 'INS036', 54, 'E011', 'Hecho', 'I4');
insert into Program_Mantenimiento (descripcion, plazo, id_instalacion, cod_incidencia, id_encargado, estado, prioridad) values ('elementum in hac habitasse platea dictumst morbi vestibulum velit id pretium iaculis', '2009-04-10', 'INS009', 93, 'E009', 'Hecho', 'I2');
insert into Program_Mantenimiento (descripcion, plazo, id_instalacion, cod_incidencia, id_encargado, estado, prioridad) values ('erat vestibulum sed magna at nunc commodo placerat praesent', '2019-04-20', 'INS025', 101, 'E002', 'Pendiente', 'I2');
insert into Program_Mantenimiento (descripcion, plazo, id_instalacion, cod_incidencia, id_encargado, estado, prioridad) values ('adipiscing elit proin interdum mauris non ligula pellentesque ultrices phasellus id', '2007-07-26', 'INS034', 106, 'E033', 'Pendiente', 'I2');
insert into Program_Mantenimiento (descripcion, plazo, id_instalacion, cod_incidencia, id_encargado, estado, prioridad) values ('interdum eu tincidunt in leo maecenas pulvinar lobortis est phasellus sit amet', '2014-12-17', 'INS046', 105, 'E059', 'Pendiente', 'I3');
insert into Program_Mantenimiento (descripcion, plazo, id_instalacion, cod_incidencia, id_encargado, estado, prioridad) values ('sollicitudin mi sit amet lobortis sapien sapien non mi integer ac', '2010-11-08', 'INS024', 27, 'E033', 'Pendiente', 'I1');
insert into Program_Mantenimiento (descripcion, plazo, id_instalacion, cod_incidencia, id_encargado, estado, prioridad) values ('posuere cubilia curae nulla dapibus dolor vel', '2019-01-10', 'INS014', 104, 'E059', 'Pendiente', 'I2');
insert into Program_Mantenimiento (descripcion, plazo, id_instalacion, cod_incidencia, id_encargado, estado, prioridad) values ('enim blandit mi in porttitor pede justo eu massa donec dapibus duis', '2022-08-16', 'INS003', 24, 'E033', 'Pendiente', 'I4');
insert into Program_Mantenimiento (descripcion, plazo, id_instalacion, cod_incidencia, id_encargado, estado, prioridad) values ('vehicula consequat morbi a ipsum integer a nibh', '2011-01-11', 'INS056', 82, 'E031', 'Hecho', 'I1');
insert into Program_Mantenimiento (descripcion, plazo, id_instalacion, cod_incidencia, id_encargado, estado, prioridad) values ('porttitor lacus at turpis donec posuere metus vitae ipsum aliquam non', '2017-08-30', 'INS036', 38, 'E031', 'Pendiente', 'I2');
insert into Program_Mantenimiento (descripcion, plazo, id_instalacion, cod_incidencia, id_encargado, estado, prioridad) values ('primis in faucibus orci luctus et ultrices posuere', '2012-01-25', 'INS029', 60, 'E002', 'Hecho', 'I2');
insert into Program_Mantenimiento (descripcion, plazo, id_instalacion, cod_incidencia, id_encargado, estado, prioridad) values ('rhoncus mauris enim leo rhoncus sed vestibulum sit amet cursus id turpis', '2016-10-21', 'INS018', 71, 'E059', 'Hecho', 'I1');
insert into Program_Mantenimiento (descripcion, plazo, id_instalacion, cod_incidencia, id_encargado, estado, prioridad) values ('tortor sollicitudin mi sit amet lobortis sapien sapien non mi', '2017-05-20', 'INS012', 34, 'E031', 'Pendiente', 'I2');
insert into Program_Mantenimiento (descripcion, plazo, id_instalacion, cod_incidencia, id_encargado, estado, prioridad) values ('laoreet ut rhoncus aliquet pulvinar sed nisl', '2015-01-28', 'INS031', 98, 'E031', 'Hecho', 'I4');

--insert registros matenimientos
insert into Registro_mantenimiento (observaciones, Fecha_realizada, hora_inicio, hora_fin, id_instalacion, id_empleado, dod_mantenimiento) values (null, '2013-10-15', '4:12:18', '3:30:48', 'INS047', 'E049', 85);
insert into Registro_mantenimiento (observaciones, Fecha_realizada, hora_inicio, hora_fin, id_instalacion, id_empleado, dod_mantenimiento) values (null, '2009-07-09', '23:58:34', '22:35:01', 'INS014', 'E059', 47);
insert into Registro_mantenimiento (observaciones, Fecha_realizada, hora_inicio, hora_fin, id_instalacion, id_empleado, dod_mantenimiento) values (null, '2003-12-12', '16:57:00', '7:23:28', 'INS047', 'E033', 29);
insert into Registro_mantenimiento (observaciones, Fecha_realizada, hora_inicio, hora_fin, id_instalacion, id_empleado, dod_mantenimiento) values ('urna pretium nisl ut', '2006-04-13', '13:59:04', '2:55:32', 'INS024', 'E033', 37);
insert into Registro_mantenimiento (observaciones, Fecha_realizada, hora_inicio, hora_fin, id_instalacion, id_empleado, dod_mantenimiento) values (null, '2004-04-23', '0:18:04', '2:12:54', 'INS052', 'E059', 36);
insert into Registro_mantenimiento (observaciones, Fecha_realizada, hora_inicio, hora_fin, id_instalacion, id_empleado, dod_mantenimiento) values (null, '2007-04-30', '13:11:24', '3:19:22', 'INS034', 'E009', 75);
insert into Registro_mantenimiento (observaciones, Fecha_realizada, hora_inicio, hora_fin, id_instalacion, id_empleado, dod_mantenimiento) values ('molestie lorem quisque ut erat curabitur gravida nisi', '2022-03-06', '12:47:28', '16:16:33', 'INS039', 'E011', 53);
insert into Registro_mantenimiento (observaciones, Fecha_realizada, hora_inicio, hora_fin, id_instalacion, id_empleado, dod_mantenimiento) values (null, '2020-05-14', '11:48:04', '22:59:21', 'INS026', 'E002', 6);
insert into Registro_mantenimiento (observaciones, Fecha_realizada, hora_inicio, hora_fin, id_instalacion, id_empleado, dod_mantenimiento) values (null, '2020-01-08', '3:55:20', '12:42:26', 'INS042', 'E031', 86);
insert into Registro_mantenimiento (observaciones, Fecha_realizada, hora_inicio, hora_fin, id_instalacion, id_empleado, dod_mantenimiento) values ('in magna bibendum imperdiet nullam orci pede venenatis', '2018-04-07', '17:47:32', '14:16:46', 'INS053', 'E009', 54);
insert into Registro_mantenimiento (observaciones, Fecha_realizada, hora_inicio, hora_fin, id_instalacion, id_empleado, dod_mantenimiento) values ('est congue elementum in hac', '2014-02-17', '16:36:28', '17:35:04', 'INS039', 'E011', 83);
insert into Registro_mantenimiento (observaciones, Fecha_realizada, hora_inicio, hora_fin, id_instalacion, id_empleado, dod_mantenimiento) values ('quis orci nullam molestie', '2008-11-11', '12:10:05', '21:19:42', 'INS036', 'E049', 70);
insert into Registro_mantenimiento (observaciones, Fecha_realizada, hora_inicio, hora_fin, id_instalacion, id_empleado, dod_mantenimiento) values (null, '2017-06-01', '2:29:51', '23:33:20', 'INS032', 'E031', 18);
insert into Registro_mantenimiento (observaciones, Fecha_realizada, hora_inicio, hora_fin, id_instalacion, id_empleado, dod_mantenimiento) values ('ligula sit amet eleifend pede libero quis', '2009-06-21', '4:24:59', '23:45:02', 'INS003', 'E059', 51);
insert into Registro_mantenimiento (observaciones, Fecha_realizada, hora_inicio, hora_fin, id_instalacion, id_empleado, dod_mantenimiento) values (null, '2006-01-09', '16:02:15', '16:11:14', 'INS046', 'E022', 42);
insert into Registro_mantenimiento (observaciones, Fecha_realizada, hora_inicio, hora_fin, id_instalacion, id_empleado, dod_mantenimiento) values (null, '2007-12-22', '7:02:27', '1:39:37', 'INS032', 'E028', 27);
insert into Registro_mantenimiento (observaciones, Fecha_realizada, hora_inicio, hora_fin, id_instalacion, id_empleado, dod_mantenimiento) values ('erat volutpat in congue etiam justo etiam', '2011-11-22', '1:07:45', '14:13:27', 'INS005', 'E009', 33);
insert into Registro_mantenimiento (observaciones, Fecha_realizada, hora_inicio, hora_fin, id_instalacion, id_empleado, dod_mantenimiento) values ('cubilia curae duis faucibus', '2016-09-18', '18:30:49', '18:25:43', 'INS029', 'E022', 65);
insert into Registro_mantenimiento (observaciones, Fecha_realizada, hora_inicio, hora_fin, id_instalacion, id_empleado, dod_mantenimiento) values ('sit amet eros suspendisse accumsan tortor', '2021-01-20', '6:37:29', '11:46:18', 'INS005', 'E059', 5);
insert into Registro_mantenimiento (observaciones, Fecha_realizada, hora_inicio, hora_fin, id_instalacion, id_empleado, dod_mantenimiento) values ('volutpat dui maecenas tristique est et tempus semper est', '2021-08-01', '6:10:45', '7:39:04', 'INS016', 'E049', 60);
insert into Registro_mantenimiento (observaciones, Fecha_realizada, hora_inicio, hora_fin, id_instalacion, id_empleado, dod_mantenimiento) values ('aliquam non mauris morbi non lectus', '2016-05-25', '16:24:09', '2:20:47', 'INS041', 'E022', 58);
insert into Registro_mantenimiento (observaciones, Fecha_realizada, hora_inicio, hora_fin, id_instalacion, id_empleado, dod_mantenimiento) values ('et ultrices posuere cubilia curae', '2006-12-21', '18:31:33', '8:06:28', 'INS041', 'E011', 32);
insert into Registro_mantenimiento (observaciones, Fecha_realizada, hora_inicio, hora_fin, id_instalacion, id_empleado, dod_mantenimiento) values (null, '2011-11-22', '17:37:40', '3:58:52', 'INS027', 'E031', 62);
insert into Registro_mantenimiento (observaciones, Fecha_realizada, hora_inicio, hora_fin, id_instalacion, id_empleado, dod_mantenimiento) values (null, '2008-03-04', '20:22:33', '16:18:33', 'INS011', 'E022', 82);
insert into Registro_mantenimiento (observaciones, Fecha_realizada, hora_inicio, hora_fin, id_instalacion, id_empleado, dod_mantenimiento) values ('lectus vestibulum quam sapien', '2018-05-10', '5:13:22', '2:50:08', 'INS048', 'E031', 66);
insert into Registro_mantenimiento (observaciones, Fecha_realizada, hora_inicio, hora_fin, id_instalacion, id_empleado, dod_mantenimiento) values ('eget congue eget semper rutrum nulla', '2009-06-11', '20:47:03', '20:00:14', 'INS018', 'E059', 12);
insert into Registro_mantenimiento (observaciones, Fecha_realizada, hora_inicio, hora_fin, id_instalacion, id_empleado, dod_mantenimiento) values (null, '2010-02-16', '5:08:10', '0:27:21', 'INS043', 'E031', 100);
insert into Registro_mantenimiento (observaciones, Fecha_realizada, hora_inicio, hora_fin, id_instalacion, id_empleado, dod_mantenimiento) values (null, '2011-04-29', '5:05:56', '12:33:27', 'INS023', 'E031', 6);
insert into Registro_mantenimiento (observaciones, Fecha_realizada, hora_inicio, hora_fin, id_instalacion, id_empleado, dod_mantenimiento) values ('rutrum ac lobortis vel dapibus at diam nam tristique', '2008-06-10', '7:31:29', '4:58:47', 'INS002', 'E033', 59);
insert into Registro_mantenimiento (observaciones, Fecha_realizada, hora_inicio, hora_fin, id_instalacion, id_empleado, dod_mantenimiento) values (null, '2018-05-13', '7:44:10', '23:53:53', 'INS001', 'E059', 75);
insert into Registro_mantenimiento (observaciones, Fecha_realizada, hora_inicio, hora_fin, id_instalacion, id_empleado, dod_mantenimiento) values ('congue elementum in hac habitasse platea', '2006-03-28', '19:30:36', '16:31:52', 'INS030', 'E009', 79);
insert into Registro_mantenimiento (observaciones, Fecha_realizada, hora_inicio, hora_fin, id_instalacion, id_empleado, dod_mantenimiento) values ('eget tincidunt eget tempus vel pede morbi', '2013-09-19', '20:03:08', '1:09:02', 'INS015', 'E031', 29);
insert into Registro_mantenimiento (observaciones, Fecha_realizada, hora_inicio, hora_fin, id_instalacion, id_empleado, dod_mantenimiento) values ('suscipit nulla elit ac nulla sed vel', '2011-03-10', '7:46:23', '1:54:13', 'INS048', 'E033', 55);
insert into Registro_mantenimiento (observaciones, Fecha_realizada, hora_inicio, hora_fin, id_instalacion, id_empleado, dod_mantenimiento) values (null, '2016-10-19', '0:56:37', '6:21:38', 'INS044', 'E009', 84);
insert into Registro_mantenimiento (observaciones, Fecha_realizada, hora_inicio, hora_fin, id_instalacion, id_empleado, dod_mantenimiento) values (null, '2021-04-01', '23:09:32', '17:56:09', 'INS021', 'E022', 23);
insert into Registro_mantenimiento (observaciones, Fecha_realizada, hora_inicio, hora_fin, id_instalacion, id_empleado, dod_mantenimiento) values (null, '2014-10-10', '11:53:23', '18:34:08', 'INS015', 'E059', 15);
insert into Registro_mantenimiento (observaciones, Fecha_realizada, hora_inicio, hora_fin, id_instalacion, id_empleado, dod_mantenimiento) values ('rhoncus aliquam lacus morbi quis tortor', '2019-10-28', '19:22:38', '1:50:54', 'INS002', 'E022', 100);
insert into Registro_mantenimiento (observaciones, Fecha_realizada, hora_inicio, hora_fin, id_instalacion, id_empleado, dod_mantenimiento) values ('primis in faucibus orci luctus et ultrices', '2014-05-05', '7:35:29', '23:03:46', 'INS021', 'E033', 33);
insert into Registro_mantenimiento (observaciones, Fecha_realizada, hora_inicio, hora_fin, id_instalacion, id_empleado, dod_mantenimiento) values (null, '2022-10-07', '21:29:17', '23:16:41', 'INS059', 'E031', 56);
insert into Registro_mantenimiento (observaciones, Fecha_realizada, hora_inicio, hora_fin, id_instalacion, id_empleado, dod_mantenimiento) values ('a ipsum integer a nibh in quis justo', '2006-03-12', '9:39:24', '3:25:59', 'INS056', 'E033', 82);
insert into Registro_mantenimiento (observaciones, Fecha_realizada, hora_inicio, hora_fin, id_instalacion, id_empleado, dod_mantenimiento) values (null, '2018-05-03', '14:18:34', '9:58:40', 'INS003', 'E059', 6);
insert into Registro_mantenimiento (observaciones, Fecha_realizada, hora_inicio, hora_fin, id_instalacion, id_empleado, dod_mantenimiento) values ('sit amet sem fusce consequat nulla nisl nunc nisl', '2020-08-30', '5:32:58', '7:44:00', 'INS003', 'E059', 80);
insert into Registro_mantenimiento (observaciones, Fecha_realizada, hora_inicio, hora_fin, id_instalacion, id_empleado, dod_mantenimiento) values ('turpis donec posuere metus vitae ipsum aliquam', '2017-10-19', '15:46:48', '19:27:04', 'INS053', 'E002', 50);
insert into Registro_mantenimiento (observaciones, Fecha_realizada, hora_inicio, hora_fin, id_instalacion, id_empleado, dod_mantenimiento) values ('est congue elementum in hac habitasse platea', '2015-02-15', '22:53:51', '4:05:32', 'INS049', 'E049', 51);
insert into Registro_mantenimiento (observaciones, Fecha_realizada, hora_inicio, hora_fin, id_instalacion, id_empleado, dod_mantenimiento) values (null, '2012-04-11', '13:21:07', '0:19:33', 'INS013', 'E002', 94);
insert into Registro_mantenimiento (observaciones, Fecha_realizada, hora_inicio, hora_fin, id_instalacion, id_empleado, dod_mantenimiento) values ('hac habitasse platea dictumst etiam faucibus cursus urna ut', '2020-06-18', '7:30:40', '23:34:54', 'INS052', 'E011', 6);
insert into Registro_mantenimiento (observaciones, Fecha_realizada, hora_inicio, hora_fin, id_instalacion, id_empleado, dod_mantenimiento) values ('faucibus orci luctus et', '2004-07-05', '17:04:17', '23:01:24', 'INS055', 'E002', 8);
insert into Registro_mantenimiento (observaciones, Fecha_realizada, hora_inicio, hora_fin, id_instalacion, id_empleado, dod_mantenimiento) values ('integer pede justo lacinia eget tincidunt', '2006-04-13', '9:01:05', '16:29:00', 'INS054', 'E031', 53);
insert into Registro_mantenimiento (observaciones, Fecha_realizada, hora_inicio, hora_fin, id_instalacion, id_empleado, dod_mantenimiento) values ('in hac habitasse platea dictumst aliquam augue quam', '2015-05-24', '4:22:12', '9:41:07', 'INS039', 'E011', 94);
insert into Registro_mantenimiento (observaciones, Fecha_realizada, hora_inicio, hora_fin, id_instalacion, id_empleado, dod_mantenimiento) values ('cras pellentesque volutpat dui maecenas tristique est et', '2021-06-26', '0:29:02', '5:16:43', 'INS047', 'E033', 53);
insert into Registro_mantenimiento (observaciones, Fecha_realizada, hora_inicio, hora_fin, id_instalacion, id_empleado, dod_mantenimiento) values (null, '2022-01-19', '11:12:36', '20:31:08', 'INS035', 'E002', 8);
insert into Registro_mantenimiento (observaciones, Fecha_realizada, hora_inicio, hora_fin, id_instalacion, id_empleado, dod_mantenimiento) values (null, '2018-07-01', '6:23:37', '12:13:10', 'INS022', 'E033', 78);
insert into Registro_mantenimiento (observaciones, Fecha_realizada, hora_inicio, hora_fin, id_instalacion, id_empleado, dod_mantenimiento) values ('amet turpis elementum ligula vehicula consequat morbi', '2024-10-31', '20:08:22', '17:29:59', 'INS048', 'E009', 73);
insert into Registro_mantenimiento (observaciones, Fecha_realizada, hora_inicio, hora_fin, id_instalacion, id_empleado, dod_mantenimiento) values ('id nisl venenatis lacinia', '2009-03-05', '22:35:41', '14:40:51', 'INS054', 'E022', 5);
insert into Registro_mantenimiento (observaciones, Fecha_realizada, hora_inicio, hora_fin, id_instalacion, id_empleado, dod_mantenimiento) values (null, '2017-12-05', '18:17:04', '17:52:41', 'INS043', 'E022', 16);
insert into Registro_mantenimiento (observaciones, Fecha_realizada, hora_inicio, hora_fin, id_instalacion, id_empleado, dod_mantenimiento) values (null, '2006-07-17', '10:54:18', '9:37:06', 'INS014', 'E059', 68);
insert into Registro_mantenimiento (observaciones, Fecha_realizada, hora_inicio, hora_fin, id_instalacion, id_empleado, dod_mantenimiento) values ('sed lacus morbi sem mauris', '2010-04-12', '8:06:45', '16:51:16', 'INS014', 'E033', 9);
insert into Registro_mantenimiento (observaciones, Fecha_realizada, hora_inicio, hora_fin, id_instalacion, id_empleado, dod_mantenimiento) values (null, '2024-10-14', '16:30:03', '14:33:41', 'INS042', 'E033', 6);
insert into Registro_mantenimiento (observaciones, Fecha_realizada, hora_inicio, hora_fin, id_instalacion, id_empleado, dod_mantenimiento) values ('nisl nunc rhoncus dui vel sem', '2012-04-17', '20:47:51', '15:39:39', 'INS006', 'E028', 85);
insert into Registro_mantenimiento (observaciones, Fecha_realizada, hora_inicio, hora_fin, id_instalacion, id_empleado, dod_mantenimiento) values ('phasellus id sapien in sapien iaculis congue', '2009-10-18', '15:46:31', '14:02:06', 'INS020', 'E031', 80);
insert into Registro_mantenimiento (observaciones, Fecha_realizada, hora_inicio, hora_fin, id_instalacion, id_empleado, dod_mantenimiento) values (null, '2008-12-20', '11:50:30', '12:41:51', 'INS054', 'E033', 46);
insert into Registro_mantenimiento (observaciones, Fecha_realizada, hora_inicio, hora_fin, id_instalacion, id_empleado, dod_mantenimiento) values ('mauris laoreet ut rhoncus aliquet pulvinar sed', '2022-12-10', '20:21:11', '15:33:08', 'INS021', 'E049', 42);
insert into Registro_mantenimiento (observaciones, Fecha_realizada, hora_inicio, hora_fin, id_instalacion, id_empleado, dod_mantenimiento) values (null, '2003-11-24', '23:32:53', '2:03:03', 'INS057', 'E028', 23);
insert into Registro_mantenimiento (observaciones, Fecha_realizada, hora_inicio, hora_fin, id_instalacion, id_empleado, dod_mantenimiento) values (null, '2013-06-08', '19:05:26', '14:18:53', 'INS046', 'E011', 97);
insert into Registro_mantenimiento (observaciones, Fecha_realizada, hora_inicio, hora_fin, id_instalacion, id_empleado, dod_mantenimiento) values (null, '2018-03-31', '6:39:10', '1:26:03', 'INS024', 'E002', 65);
insert into Registro_mantenimiento (observaciones, Fecha_realizada, hora_inicio, hora_fin, id_instalacion, id_empleado, dod_mantenimiento) values (null, '2012-03-15', '15:51:05', '23:09:53', 'INS003', 'E011', 97);
insert into Registro_mantenimiento (observaciones, Fecha_realizada, hora_inicio, hora_fin, id_instalacion, id_empleado, dod_mantenimiento) values ('luctus et ultrices posuere cubilia curae', '2015-06-14', '6:26:48', '11:34:57', 'INS056', 'E059', 87);
insert into Registro_mantenimiento (observaciones, Fecha_realizada, hora_inicio, hora_fin, id_instalacion, id_empleado, dod_mantenimiento) values (null, '2015-11-08', '17:42:26', '4:29:41', 'INS007', 'E049', 88);
insert into Registro_mantenimiento (observaciones, Fecha_realizada, hora_inicio, hora_fin, id_instalacion, id_empleado, dod_mantenimiento) values (null, '2007-03-03', '1:09:43', '20:00:06', 'INS047', 'E009', 1);
insert into Registro_mantenimiento (observaciones, Fecha_realizada, hora_inicio, hora_fin, id_instalacion, id_empleado, dod_mantenimiento) values ('nisi eu orci mauris', '2011-04-19', '0:18:22', '0:46:46', 'INS036', 'E033', 45);
insert into Registro_mantenimiento (observaciones, Fecha_realizada, hora_inicio, hora_fin, id_instalacion, id_empleado, dod_mantenimiento) values ('nunc commodo placerat praesent', '2022-02-28', '4:48:36', '13:37:01', 'INS036', 'E059', 89);
insert into Registro_mantenimiento (observaciones, Fecha_realizada, hora_inicio, hora_fin, id_instalacion, id_empleado, dod_mantenimiento) values (null, '2018-01-12', '4:25:06', '3:39:56', 'INS013', 'E022', 16);
insert into Registro_mantenimiento (observaciones, Fecha_realizada, hora_inicio, hora_fin, id_instalacion, id_empleado, dod_mantenimiento) values (null, '2005-06-24', '4:55:19', '14:53:48', 'INS005', 'E028', 93);
insert into Registro_mantenimiento (observaciones, Fecha_realizada, hora_inicio, hora_fin, id_instalacion, id_empleado, dod_mantenimiento) values (null, '2022-10-06', '13:10:40', '11:07:15', 'INS001', 'E059', 69);
insert into Registro_mantenimiento (observaciones, Fecha_realizada, hora_inicio, hora_fin, id_instalacion, id_empleado, dod_mantenimiento) values (null, '2008-05-15', '4:38:53', '1:55:58', 'INS019', 'E031', 73);
insert into Registro_mantenimiento (observaciones, Fecha_realizada, hora_inicio, hora_fin, id_instalacion, id_empleado, dod_mantenimiento) values (null, '2006-12-08', '23:01:20', '9:24:08', 'INS059', 'E022', 41);
insert into Registro_mantenimiento (observaciones, Fecha_realizada, hora_inicio, hora_fin, id_instalacion, id_empleado, dod_mantenimiento) values ('lectus suspendisse potenti in eleifend quam a odio in', '2012-05-02', '9:52:59', '3:51:00', 'INS032', 'E022', 73);
insert into Registro_mantenimiento (observaciones, Fecha_realizada, hora_inicio, hora_fin, id_instalacion, id_empleado, dod_mantenimiento) values (null, '2020-11-04', '14:03:30', '17:38:33', 'INS019', 'E049', 89);
insert into Registro_mantenimiento (observaciones, Fecha_realizada, hora_inicio, hora_fin, id_instalacion, id_empleado, dod_mantenimiento) values ('praesent id massa id nisl', '2013-07-21', '3:53:12', '9:54:24', 'INS017', 'E002', 30);
insert into Registro_mantenimiento (observaciones, Fecha_realizada, hora_inicio, hora_fin, id_instalacion, id_empleado, dod_mantenimiento) values ('morbi a ipsum integer a nibh in', '2014-05-15', '23:41:49', '4:05:05', 'INS037', 'E031', 97);
insert into Registro_mantenimiento (observaciones, Fecha_realizada, hora_inicio, hora_fin, id_instalacion, id_empleado, dod_mantenimiento) values ('amet turpis elementum ligula vehicula consequat morbi a ipsum', '2008-04-20', '14:35:18', '5:17:10', 'INS060', 'E011', 9);
insert into Registro_mantenimiento (observaciones, Fecha_realizada, hora_inicio, hora_fin, id_instalacion, id_empleado, dod_mantenimiento) values ('tempor turpis nec euismod scelerisque quam', '2022-08-09', '18:45:52', '9:47:32', 'INS059', 'E022', 59);
insert into Registro_mantenimiento (observaciones, Fecha_realizada, hora_inicio, hora_fin, id_instalacion, id_empleado, dod_mantenimiento) values ('ipsum primis in faucibus orci luctus et ultrices posuere', '2017-01-01', '0:59:58', '20:33:09', 'INS026', 'E009', 83);
insert into Registro_mantenimiento (observaciones, Fecha_realizada, hora_inicio, hora_fin, id_instalacion, id_empleado, dod_mantenimiento) values (null, '2017-12-30', '14:26:19', '13:37:13', 'INS032', 'E022', 71);
insert into Registro_mantenimiento (observaciones, Fecha_realizada, hora_inicio, hora_fin, id_instalacion, id_empleado, dod_mantenimiento) values ('aliquet pulvinar sed nisl nunc', '2023-05-02', '14:35:05', '16:17:16', 'INS009', 'E031', 86);
insert into Registro_mantenimiento (observaciones, Fecha_realizada, hora_inicio, hora_fin, id_instalacion, id_empleado, dod_mantenimiento) values (null, '2009-01-04', '19:20:36', '22:19:37', 'INS024', 'E011', 28);
insert into Registro_mantenimiento (observaciones, Fecha_realizada, hora_inicio, hora_fin, id_instalacion, id_empleado, dod_mantenimiento) values ('sit amet sem fusce consequat nulla nisl nunc', '2004-10-15', '14:36:45', '14:35:04', 'INS030', 'E028', 81);
insert into Registro_mantenimiento (observaciones, Fecha_realizada, hora_inicio, hora_fin, id_instalacion, id_empleado, dod_mantenimiento) values ('in faucibus orci luctus', '2012-02-06', '2:56:12', '3:16:24', 'INS019', 'E049', 93);
insert into Registro_mantenimiento (observaciones, Fecha_realizada, hora_inicio, hora_fin, id_instalacion, id_empleado, dod_mantenimiento) values (null, '2007-04-04', '13:46:02', '9:51:31', 'INS005', 'E022', 93);
insert into Registro_mantenimiento (observaciones, Fecha_realizada, hora_inicio, hora_fin, id_instalacion, id_empleado, dod_mantenimiento) values ('porttitor lorem id ligula suspendisse', '2022-05-16', '12:08:52', '16:50:15', 'INS013', 'E011', 90);
insert into Registro_mantenimiento (observaciones, Fecha_realizada, hora_inicio, hora_fin, id_instalacion, id_empleado, dod_mantenimiento) values (null, '2015-04-02', '16:57:13', '21:50:36', 'INS008', 'E031', 66);
insert into Registro_mantenimiento (observaciones, Fecha_realizada, hora_inicio, hora_fin, id_instalacion, id_empleado, dod_mantenimiento) values ('vel accumsan tellus nisi eu orci mauris', '2017-12-06', '10:48:42', '1:05:16', 'INS025', 'E011', 28);
insert into Registro_mantenimiento (observaciones, Fecha_realizada, hora_inicio, hora_fin, id_instalacion, id_empleado, dod_mantenimiento) values (null, '2022-05-23', '20:01:08', '21:06:12', 'INS030', 'E009', 47);
insert into Registro_mantenimiento (observaciones, Fecha_realizada, hora_inicio, hora_fin, id_instalacion, id_empleado, dod_mantenimiento) values ('sapien iaculis congue vivamus', '2015-11-14', '5:07:40', '14:18:06', 'INS014', 'E031', 91);
insert into Registro_mantenimiento (observaciones, Fecha_realizada, hora_inicio, hora_fin, id_instalacion, id_empleado, dod_mantenimiento) values (null, '2024-04-06', '10:51:45', '3:07:02', 'INS008', 'E022', 6);
insert into Registro_mantenimiento (observaciones, Fecha_realizada, hora_inicio, hora_fin, id_instalacion, id_empleado, dod_mantenimiento) values (null, '2018-11-25', '4:24:57', '17:30:35', 'INS037', 'E031', 27);
insert into Registro_mantenimiento (observaciones, Fecha_realizada, hora_inicio, hora_fin, id_instalacion, id_empleado, dod_mantenimiento) values (null, '2017-12-22', '12:23:00', '18:48:18', 'INS049', 'E033', 22);
insert into Registro_mantenimiento (observaciones, Fecha_realizada, hora_inicio, hora_fin, id_instalacion, id_empleado, dod_mantenimiento) values (null, '2017-08-03', '20:14:33', '0:37:28', 'INS013', 'E049', 99);
insert into Registro_mantenimiento (observaciones, Fecha_realizada, hora_inicio, hora_fin, id_instalacion, id_empleado, dod_mantenimiento) values (null, '2010-11-12', '2:08:33', '20:20:58', 'INS006', 'E011', 4);
insert into Registro_mantenimiento (observaciones, Fecha_realizada, hora_inicio, hora_fin, id_instalacion, id_empleado, dod_mantenimiento) values (null, '2005-08-18', '4:05:31', '6:39:15', 'INS037', 'E009', 95);
